url,status
http://fjxbs-58.credit-card-verify.net/ngwublfj6v8msr6x,Phishing
http://jiagule-33.exclusive-deal-today.net/zqgy0la2a1r6ypn90otnpw1wprcbl,Phishing
http://twcnlsvqk-32.urgent-security-notice.net/2nioxdqaw5u3,Phishing
http://hajowfjjlp-43.credit-card-verify.net/l2fy3cxdwx1wh0s33z843f2t,Phishing
http://ccjoyuehjryvnxa-83.claim-your-cash-today.biz/b07zwv17v7kejukylc6yhji8op,Phishing
http://egvkxv-43.win-big-cash-now.com/jcon4zg5zk07b2rbk57im,Phishing
http://hlmoyuvdoyjmyo-32.security-check-verification.co/0o59mibk4ermfap9qti,Phishing
http://rimdvnjkadrpva-33.banking-update-info.com/qksk761ukhbo3205,Phishing
http://iqfiiehvvtsvkc-26.fastmoneyonline.biz/bcmemunko3n154zemmihcdu57ky,Phishing
http://godgfbkynlqkwy-87.win-big-cash-now.com/pz3sygjk9cm1hnqlp6,Phishing
http://pvfaxdew-58.security-check-verification.co/l776pkykciy74tnn2z7cxbxu6,Phishing
http://jduunxi-98.claim-your-cash-today.biz/pgd1ef0cg0g9cqjjrsxud,Phishing
http://qstufqoc-95.urgent-security-notice.net/7cj1kb5c5clwmycuqa19iwl,Phishing
http://gpvvpa-43.microsoft-support-center.net/4dpqw3zh919tqmnwncmlw52n78,Phishing
http://lzsqmnfwostzis-40.win-big-cash-now.com/kqboopta2jqyk0,Phishing
http://zywxdyugov-70.apple-id-verification-alert.com/qaot8mphdehxmblxxsz0,Phishing
http://eqpzluvun-63.exclusive-deal-today.net/iv1zyyj96hd52xqli6wf21cn,Phishing
http://ntxcvzskqyphkyk-19.win-big-cash-now.com/3y1uqwdtoxht5,Phishing
http://sjrclnz-28.exclusive-deal-today.net/i25bi1v2pn2,Phishing
http://giufiurvpaa-46.banking-update-info.com/121gf7fpy7gogppagyqab,Phishing
http://jcqusrgs-88.fastmoneyonline.biz/2oldsgfehtukvw,Phishing
http://adtqos-80.claim-your-reward-now.net/yin338ky6rnubfg9nvzmhcvzivrjcc,Phishing
http://banmxzrfzlmzb-76.login-secure-verification.com/s8f3ur9o9mj6umd6rqxd6vci4ewq,Phishing
http://eoxtfvlx-14.claim-your-reward-now.net/rwm24rgos9azoi,Phishing
http://phwnuayjabd-59.get-rich-quick.biz/vopr14p752eeyp73c9vg,Phishing
http://hdbomztusc-32.unusual-activity-alert.co/f8y4f5eixw2,Phishing
http://cwnpuce-37.win-prize-today.net/3xmi9bgvv2h9xt99qy,Phishing
http://dpbzhfqsmyvf-83.security-check-verification.co/q8xll0lrxd7p6arjklv4jz46,Phishing
http://rwtngb-46.facebook-security-alert.com/tbrnvoydkgyk,Phishing
http://dszvyl-50.free-gift-now.xyz/0vy8c9pxi7cttrk6,Phishing
http://igoyahcqmeulyd-16.paypal-security-alert.com/p8xhcmihkne,Phishing
http://ncxouxdqvyl-80.microsoft-support-center.net/fz082j4dqi15jzaprdneh0t1yebhxx,Phishing
http://xhedznkjlsocc-79.claim-your-cash-today.biz/5ckqs490usj1nr8qeie0td,Phishing
http://kopxdmmbdz-44.get-rich-quick.biz/39wb0ee8irkl3c8b,Phishing
http://hmxbmqclyvjnt-37.get-rich-quick.biz/al205wb6uh6f,Phishing
http://qturmljt-41.click-here-for-money.biz/oywex1hnbq9bfffp7jh,Phishing
http://oeseoet-75.unusual-activity-alert.co/tlcf03jn2d1zfjrai,Phishing
http://trndtbpvm-77.claim-your-reward-now.net/on3ybie5lo,Phishing
http://qbgobniciyko-94.bank-update-info.net/468ya7oo8tb65aqmhwjqw,Phishing
http://rnlrlalkatgzdpv-58.urgent-security-notice.net/l1ipdj8yiehdvy3p57mimr4kgef,Phishing
http://opccawax-88.get-rich-quick.biz/df4qb8ztirqd9s,Phishing
http://pgsrt-34.verify-account-security.co/ds86daysi298lvxyzdj5unz0m0,Phishing
http://qjdwls-40.secure-login-paypal.com/yjd7kgl5b8ejd2gavrwf,Phishing
http://nawomuffgihg-52.click-here-for-money.biz/gc48ve2su4d9l6wt75k35b,Phishing
http://ksvyatysoliqyq-94.microsoft-support-center.net/42yz8oxjzow2d842739px4eu9t4c,Phishing
http://pqdxohivgnlu-29.claim-your-reward-now.net/yxf12eiakomq764kmu6h,Phishing
http://pfmhahuc-77.get-rich-quick.biz/zl8n7ge4zboj8i,Phishing
http://cucerk-37.lottery-winner-confirmation.com/qzsrp387pic,Phishing
http://bjude-49.win-big-cash-now.com/blagh2vzr3rn2ezi5y9bl0elr,Phishing
http://edgldp-69.claim-your-reward-now.net/po14shgp597fp2c96po,Phishing
http://iqedphtauy-79.email-verification-security.com/xlzf736t1u0i9nhhkk,Phishing
http://naltkhehk-62.claim-your-reward-now.net/z0zd3k8p0749b8jpacz4rc,Phishing
http://sqeawcxcvmgunmp-43.click-here-for-money.biz/pmabyerzeuwonczsgt35e04ddok76,Phishing
http://ldvxmbhkrlwivut-18.security-check-verification.co/8slyklms3cdufryh3fbhijddc,Phishing
http://uonzqc-95.youraccount-verification.co/rvk49jmfxoqy4tqmli,Phishing
http://igejxvd-88.youraccount-verification.co/yyjqyhakom9mzrbdhua,Phishing
http://ywqlzin-77.facebook-security-alert.com/nsx0gmp6xb6v4x5m,Phishing
http://qiqcpjyn-24.paypal-security-alert.com/clcvsehhm0sqwrt07lzjzdeehf90,Phishing
http://zjzjjzrfhob-44.bank-update-info.net/dphv1tc35khzxzbtdsyo,Phishing
http://pmyuhu-62.login-secure-verification.com/w4d7i0bnf84m2fg8vlkvitv,Phishing
http://yjqhg-18.security-check-verification.co/pbd8yo0c42zkxma8,Phishing
http://krkvcekgitw-90.email-verification-security.com/his5nudzmoa0we14,Phishing
http://owwzt-65.login-update-alerts.co/d4pqoczxbrmmwmdj2iwm5,Phishing
http://oyzxqfbx-26.security-check-verification.co/5x62xcvb81l40n5gnh2vxb0i859yl4,Phishing
http://enpqsgerm-68.security-check-verification.co/l5x1gx467x,Phishing
http://zpzqljrjklz-63.amazon-prize-winner.com/u7y3d38o8cic71015jt1i66kny,Phishing
http://ezenwlk-11.banking-update-info.com/vbo2qz70le48hnaatmo7077y5io,Phishing
http://bntfdiqee-97.paypal-security-alert.com/7i60fg41ewaae0kov,Phishing
http://rbpxxekwplopbz-25.banking-update-info.com/7mux9f6idzjmjer32eesq,Phishing
http://tekkbooyvkdnmt-27.instagram-account-security.com/7zygrb0vrzabomtlv6b,Phishing
http://wzdfuwquumwgloa-21.paypal-security-alert.com/pj8usl1mt6xttjsr48pms4vas,Phishing
http://ajjyzqwdi-33.security-check-verification.co/jkf6mub7hcqliyeljscpg,Phishing
http://xmqqk-23.verify-account-security.co/idyftubfkr72l68p,Phishing
http://safhhtuuwxcqsj-41.fastmoneyonline.biz/dfx5aty9xqdycizr,Phishing
http://ghfwd-48.lottery-winner-confirmation.com/nkpmip8ma6b63k7pb436b,Phishing
http://mkkmuum-28.bank-update-info.net/69gxbonm4ep6bj,Phishing
http://vwwlxijqjrwms-92.login-secure-verification.com/7vs6n23e6s359pgd2rcw63h55s,Phishing
http://ezyhdggzymnq-43.free-gift-now.xyz/onsd8u4wbhx0t,Phishing
http://usoff-77.win-big-cash-now.com/m57omd3y3vkpnwxhqz,Phishing
http://usjabdalgu-48.facebook-security-alert.com/flg477ji1eex,Phishing
http://imishkaxw-74.youraccount-verification.co/f3uh91dxblq5pcx61kya,Phishing
http://zuewpzdmudntrow-62.youraccount-verification.co/k39u50hdw0some1fu,Phishing
http://jbhezqxwgpgynaz-37.apple-id-verification-alert.com/492ptldd2fvjw0kehmzf4o4752gnj,Phishing
http://ngwhjp-49.email-verification-security.com/q112b158763th1rqurohg8rbtdswr,Phishing
http://qutkudfaus-82.banking-update-info.com/9y0l305ts0s8cixtyodocprwt,Phishing
http://rdkmnpddfihj-43.bank-update-info.net/12mvwa263g5fj1fa6,Phishing
http://tkfdurdjlbrc-53.claim-your-cash-today.biz/3q3aw5o1c37,Phishing
http://rivuysgptuy-75.get-rich-quick.biz/fv9he57gj6xil2,Phishing
http://jggihly-13.click-here-for-money.biz/08q0z9nchl,Phishing
http://fdxgrojuyfk-25.win-prize-today.net/xnjeyjpc35486lgxwvdari2s,Phishing
http://msvsavobizerwo-93.verify-account-security.co/u4y2lbxdnagyruf22yxo,Phishing
http://qyxqqxyokxrrgg-56.secure-login-paypal.com/kvuwfmlx1xjat21,Phishing
http://dubazirwgfio-75.free-gift-now.xyz/160yz6ef2rpvlubux42unhjq,Phishing
http://ttmvjmpdnschabz-90.win-prize-today.net/f9ehcvr56kzncnpbovf7aaq4vb6cz,Phishing
http://clxnn-65.login-update-alerts.co/ezr08gqk40x1mcwaz4d1brjfz,Phishing
http://uzhuhrhgzkqdcn-60.email-verification-security.com/pc3slsmx3qobxm5f,Phishing
http://tnxosjzdpomqrw-47.claim-your-reward-now.net/0qiqtwbepn8vqr3a4zz1ze4nd7o,Phishing
http://rurfvzksha-81.free-gift-now.xyz/nxmhsuiu53lmucmb317yic1fc9h1h,Phishing
http://anaxym-80.youraccount-verification.co/hnszkfcyueb7nyjse5y35ihj2wo,Phishing
http://mtrevrtjhtebmdy-80.email-verification-security.com/wx1uyrbdexr6v1,Phishing
http://rcujmzxjo-34.secure-login-paypal.com/lqe3gzqfowyzxnuo9b25c,Phishing
http://pbjhztc-39.reset-your-password-now.com/pzjn5wt9k2185lr84a603hp3,Phishing
http://kghizdvdzn-17.win-big-cash-now.com/2fvl3t5tpt9bdf381ygea80k5,Phishing
http://pjpcgj-27.microsoft-support-center.net/xo7i2cbeugm5vheezhupe3,Phishing
http://lfeuhw-73.claim-your-reward-now.net/ajn8wo9ou8dft16jxh7uupi,Phishing
http://ccwijntpg-57.credit-card-verify.net/8dj20enjpgwwnnuaw63u,Phishing
http://mtiiknxwy-69.claim-your-cash-today.biz/l5awnlos18k6g,Phishing
http://ntdfvibdwn-12.login-update-alerts.co/ifap5fv9wtgmgz4o2732r257o2a,Phishing
http://tioicwrqdnod-21.confirm-banking-details.com/epwxt6n4t1zi5erzulkic4r3uvo5o1,Phishing
http://hlsmuz-17.instagram-account-security.com/tza3626qlqp0hutb53p0afg0yd96,Phishing
http://mroyotome-50.exclusive-deal-today.net/7ecbq6jfthc5jh28b5z,Phishing
http://dtabzmk-20.win-prize-today.net/3cocdceqeq82vhjxou7onn2fah4,Phishing
http://xubqlxhwu-58.confirm-banking-details.com/y4txhbahl9s,Phishing
http://ffgkldgbbtxp-57.amazon-prize-winner.com/kl8rfykeutn2jtxq2iw,Phishing
http://qsraees-12.lottery-winner-confirmation.com/9el6udnee118,Phishing
http://xsrwgfgraudphtl-25.verify-account-security.co/rq0vu752j0,Phishing
http://ppmlbukmu-12.fastmoneyonline.biz/xk8e1ulacmhnrmca54pb,Phishing
http://odjvjmvhxp-36.click-here-for-money.biz/8ox8nwb2fbqblkqrlgv6vta,Phishing
http://bwrprm-73.email-verification-security.com/q7o0u6ngmjhji,Phishing
http://pncbuohmfsax-82.claim-your-reward-now.net/8nq01hanp47c20iufn3qbb6iu2mo0,Phishing
http://fkcwuynjf-73.bank-update-info.net/21j43n519k,Phishing
http://dboyjommbajnuw-58.microsoft-support-center.net/c37h3vy2tm71iwuw0qfx9elrq,Phishing
http://sfstklwlkikwepj-77.facebook-security-alert.com/zm89uahvnriq3rniuph2fyf,Phishing
http://knudvrd-31.verify-account-security.co/q03kzzps9491sbw3qnqmo3sjr,Phishing
http://jwwnahfxqevals-40.claim-your-cash-today.biz/5fqc9uk5mcxlgowwln5fetjsfoq,Phishing
http://tjegjyrhl-90.facebook-security-alert.com/ydjmgwmmjmrm1mlmlrxy2kxn,Phishing
http://gemsqx-10.amazon-prize-winner.com/qqvarb5vjznw8gvuvnr3jg2urmgpx4,Phishing
http://byndv-22.fastmoneyonline.biz/jzi4mpowyguodbkk,Phishing
http://tkiwiqvtmeqw-15.amazon-prize-winner.com/qkw9gnct8m,Phishing
http://tpiqpgcmf-66.claim-your-cash-today.biz/5e4zbwvm1yq,Phishing
http://taecjjbnt-49.credit-card-verify.net/ra2fsw45asvymqn48nh2,Phishing
http://yvyjrj-62.paypal-security-alert.com/9vq0az62fineof3hnv9zn,Phishing
http://mklodkylkrltfd-29.reset-your-password-now.com/hh5rc7nvkxtbvknjd6,Phishing
http://aibxvzf-31.amazon-prize-winner.com/hpf1mcok6mxpdv688r63lfye12w,Phishing
http://juihr-57.fastmoneyonline.biz/96nnbv7lqbxo72ul4y5xakxfq,Phishing
http://rkjiyygufndfcbj-68.email-verification-security.com/8ds7ozou7x01dat,Phishing
http://pccatm-19.paypal-security-alert.com/c37d41fnvz6b,Phishing
http://lekoamxqrpc-77.get-rich-quick.biz/vihelitjt6ligdjg7yxblyh,Phishing
http://cylzp-24.email-verification-security.com/tjlmewouja8dzeo9hnaf5w3,Phishing
http://vzgjqw-25.click-here-for-money.biz/8vzpl8uu30h7os9rx0n,Phishing
http://lgyqzxej-70.win-prize-today.net/0jhr0kkmmstfmmr4yhr2z6fzwx9e,Phishing
http://yxlmjpi-64.secure-login-paypal.com/b6rt46fgsta2mexx4vqwa,Phishing
http://jcxzndhudyjp-78.instagram-account-security.com/p6bo2sycuxy2op,Phishing
http://vduwqiv-40.win-prize-today.net/q7hhxln0bymc75xhkot,Phishing
http://axzmtbayenxj-13.paypal-security-alert.com/rqaplb1nf1,Phishing
http://hctguocrg-50.microsoft-support-center.net/9y3gh6foavb008y,Phishing
http://tdhkypgipukg-16.reset-your-password-now.com/vpt9lgq4tf8epyh3,Phishing
http://vmpdf-62.get-rich-quick.biz/dwtf6r8j3sifew7chefesa,Phishing
http://ylbawy-33.win-big-cash-now.com/5nsi0png1jdk8v7yo,Phishing
http://izfbc-77.lottery-winner-confirmation.com/a6ymxcyu1z,Phishing
http://migsotyzeq-99.win-prize-today.net/pje5l2cx4jvdh2r9clxpn81eyvcd84,Phishing
http://zyvpoqvrstnvn-18.claim-your-reward-now.net/pt7urapjv2dbzea,Phishing
http://gwhlsuhzozuvq-46.reset-your-password-now.com/t2j7szsyyfi0v,Phishing
http://nsvaihbseomzkvs-83.apple-id-verification-alert.com/6m09p91tkczqjmu1o8ym5j,Phishing
http://wdbyxyp-53.verify-account-security.co/0r3ghthd8c4s4wdrv,Phishing
http://buevjuor-87.lottery-winner-confirmation.com/1sh1gr6bjfkh0doqh,Phishing
http://xlwzxzl-20.get-rich-quick.biz/jfsetc80zpl3v,Phishing
http://ndshvnzvmehbv-94.win-prize-today.net/5gsu9hp0uqhp4v,Phishing
http://bpbjv-16.free-gift-now.xyz/tcmz1nr4rdah7fllvmd1t4,Phishing
http://xjfsxnxkvkwkjqb-92.login-secure-verification.com/b0i6bhk07brg18t4c,Phishing
http://tboitojgu-77.unusual-activity-alert.co/5ed4tnc57kbqatba5w8gzp11zd3c,Phishing
http://kkxxwlrmwjwidcc-21.security-check-verification.co/wpia7kimet0y9bxoxw0q103xvx871,Phishing
http://njnixdoydagbd-50.credit-card-verify.net/0aymxuh32ieku0hg3cs6ccls8w87zz,Phishing
http://afstauunpa-63.instagram-account-security.com/uryu5jvwa4l1xhpfme43osmd40,Phishing
http://lndfpf-76.urgent-security-notice.net/dkfre0ehyp4pnkxay9i3rey,Phishing
http://kvkekgmf-51.amazon-prize-winner.com/jxc2me394w7hmc6,Phishing
http://lbmnnetso-81.login-update-alerts.co/jtamdv1od32mmp950nfwsc4t,Phishing
http://nzlwjcypuyym-84.win-big-cash-now.com/25if8s59e5acs0bzxlf7jirid,Phishing
http://acbgarkhgp-48.fastmoneyonline.biz/yiqh1sfqi34mglovlt,Phishing
http://mlweywnguxwir-62.apple-id-verification-alert.com/42u1vxaejazpbg7di5e,Phishing
http://tmmuxpwcvonjl-16.urgent-security-notice.net/kgushfiu78e3zfce,Phishing
http://fkszb-80.credit-card-verify.net/sa2pl3hwar0bc3vzutb,Phishing
http://yotylgekq-45.click-here-for-money.biz/c8zmg5f9vj2rkiz313,Phishing
http://mrucjnw-41.fastmoneyonline.biz/gaolb57abhfz8l9wz9hsha50,Phishing
http://aepmkryjo-99.facebook-security-alert.com/pgjegz2k711i47t7jr6g2squ,Phishing
http://mkqeziomron-13.facebook-security-alert.com/odzumz8qk5moyyz7a3d5ob3,Phishing
http://ntydacysswrtno-93.win-big-cash-now.com/c561jcqa5gkduizxnbg,Phishing
http://pauzsokrocrg-59.claim-your-reward-now.net/ecedcnt8in,Phishing
http://jlwnduds-33.win-prize-today.net/f2fdn86x1fyqg70f48in8o,Phishing
http://mfidtcftxql-91.fastmoneyonline.biz/8su3xiuq634enqn6k6z7y9m,Phishing
http://ttiybv-33.win-big-cash-now.com/b9inf6unksepv2f,Phishing
http://zzfikbbvqksp-18.claim-your-cash-today.biz/6icwc4v66r4,Phishing
http://dabcwksug-13.claim-your-cash-today.biz/mixsiyamajovhss,Phishing
http://zswhk-56.unusual-activity-alert.co/cwzpfmyv0jq,Phishing
http://fjrkdkpl-49.verify-account-security.co/n952lr93ttcfexfrno9qft,Phishing
http://exieswxxrwuit-68.verify-account-security.co/ffui80ttl6dddh7xb63idp1t,Phishing
http://llurjany-75.microsoft-support-center.net/ip0eo66i1j,Phishing
http://wcrkzpbi-86.paypal-security-alert.com/4i0gygdw6ag726n78vtbng,Phishing
http://kcxzzne-31.reset-your-password-now.com/erg7oaq6szz05slv249dooc3,Phishing
http://tcfyrfttlxygz-52.credit-card-verify.net/yi1dof6gmy9awy5l3ey,Phishing
http://fkwrdgj-94.get-rich-quick.biz/887quzcjgdgmudwo9b8l38m8h9ck2a,Phishing
http://ntraallw-88.exclusive-deal-today.net/igvtz37h56,Phishing
http://pccaekvgjmvh-64.paypal-security-alert.com/y6445b721qss3jlzzapqccq,Phishing
http://jwxuqysr-87.win-big-cash-now.com/y6gh5162ounzyurm8pknne9cm52n,Phishing
http://dbsoqlzrdb-53.apple-id-verification-alert.com/kwsqxbeofbrkn8ew1x56kl33ii,Phishing
http://ulkuco-31.claim-your-cash-today.biz/846kd0et24f3w879dd794mkv,Phishing
http://bgofxe-88.instagram-account-security.com/cc80jbmhip,Phishing
http://nbzirbsgzncw-69.paypal-security-alert.com/zy97ryyoevvv7pfryfzymf1l,Phishing
http://zsobqqb-15.free-gift-now.xyz/uoaco7ikdlj0aw2vqe,Phishing
http://btfwnqlsimjlrbz-57.urgent-security-notice.net/axw29g8wdwqlup2c2,Phishing
http://bzjlsk-53.security-check-verification.co/r0xi8l6jbq4s6fd5,Phishing
http://jcvqfgitxqzs-80.win-big-cash-now.com/j95c7qs2mfigjoyt,Phishing
http://ruvgazvyzwfqjf-89.lottery-winner-confirmation.com/sv4b1ofu0hbuzyn6wyyxc39,Phishing
http://jfgwn-84.win-prize-today.net/cmdfso35uzc795bjxdqcv,Phishing
http://xbpziglyazfs-79.bank-update-info.net/tnszo6zu1oy6srwu7e24,Phishing
http://ccbwvdjak-95.urgent-security-notice.net/q8wlidzdz3z7x7dl4qq1vy7z,Phishing
http://yimyzkximao-92.click-here-for-money.biz/en6apobumlmwc33tzc02m7pf,Phishing
http://rzhftamqnnnt-93.email-verification-security.com/id1gghfvez8,Phishing
http://qizmdfwwzwdn-18.banking-update-info.com/pxngep8ntdjdvf3nbiu,Phishing
http://jzfsatjx-47.paypal-security-alert.com/dkddpqp9oxn0ac6lqfxo6aefqk,Phishing
http://htnctqhm-52.email-verification-security.com/bca78pucje8opuaj2dc9re,Phishing
http://nrkyz-30.youraccount-verification.co/f6zt4xhkad25gn83k1uhv,Phishing
http://pqtudzt-87.login-secure-verification.com/saj35d3qocvcqusjcyavvgcmdj,Phishing
http://rostsajxa-49.email-verification-security.com/x04stbfh5us,Phishing
http://enywihecy-51.youraccount-verification.co/cgfh890za9baqf9dx,Phishing
http://fvmwxm-31.microsoft-support-center.net/flvuz412053134zuiw,Phishing
http://lpzxxktac-83.urgent-security-notice.net/ulc6ypbakktuaq4ur4fma1u89wb,Phishing
http://hxfqmvovgcntt-23.secure-login-paypal.com/lezohyotnkz93r2lpyy18sr3s,Phishing
http://vqyaean-84.click-here-for-money.biz/ekh42qmjhh1fyoyrtz5f9,Phishing
http://xwutbfxngaqlt-64.facebook-security-alert.com/0rkbfzcb345i59y1j7hvtaeovmalxg,Phishing
http://blpvqifqcs-40.instagram-account-security.com/504ssc8pacbcgucncqiprbrx,Phishing
http://soouqrgfkzj-96.bank-update-info.net/j1xjm5awk0eabd55969,Phishing
http://kwlsxbgkiwp-98.facebook-security-alert.com/lgd0dte94ziywrmz8uej7vdgo,Phishing
http://pdvikmg-17.bank-update-info.net/r42gdokdkasogx1g8z85tlgwh,Phishing
http://qngpckye-67.win-prize-today.net/ksfmwxjy6bwp5e9s2264it9y,Phishing
http://hlkwjfgqhx-12.lottery-winner-confirmation.com/hl03h8l6mvbdc4kcik,Phishing
http://wpxkd-34.bank-update-info.net/v6a1g54kqan4h6,Phishing
http://qkkppjbxnarzir-30.email-verification-security.com/bdq9caloo0emrynq0ymwuw,Phishing
http://ptdwh-78.urgent-security-notice.net/62ticewili3os6f,Phishing
http://tzwdje-51.click-here-for-money.biz/eyg7namfnwrbfhysf0hgypbes4md,Phishing
http://gjmlwf-51.login-secure-verification.com/b6no91ywrjbmcbr87q,Phishing
http://nkrojdnypfdmxo-12.win-big-cash-now.com/8fb6ehxyn7iivna78e8h6fb7t7,Phishing
http://fhnsrrwilxhxk-86.win-prize-today.net/cbwn5ea3ie6wf1,Phishing
http://rvzgjm-63.claim-your-reward-now.net/6io8cor8z4ikui3kxf6jp,Phishing
http://rfityxh-83.login-secure-verification.com/3k9u4xwi2x8,Phishing
http://rcrcdobqdddkxp-84.free-gift-now.xyz/a67u201dcdy8gzst,Phishing
http://pdgsj-22.credit-card-verify.net/cjpa21fkjcdb9,Phishing
http://xdpnaedg-92.confirm-banking-details.com/eerg84sr0sf6t,Phishing
http://vaodaqv-29.lottery-winner-confirmation.com/qe2hq6yqta5lvpne68897ibo,Phishing
http://mngthurrdw-60.login-secure-verification.com/58gnczb6s690m7qj6,Phishing
http://icjasxcfd-84.instagram-account-security.com/51wd12fx7eb7c1mepzaum6t2,Phishing
http://dzaqvxbwrawv-88.fastmoneyonline.biz/e4r8elbm0gs42cwh088vmuyu4558,Phishing
http://lyqpckorw-15.claim-your-reward-now.net/ckw5t8fculr64,Phishing
http://gtlqykfa-94.secure-login-paypal.com/m84ftxa5thxt,Phishing
http://phxvv-15.reset-your-password-now.com/jovftzqykfuwbau3,Phishing
http://yzrphgtmntjdkgl-31.microsoft-support-center.net/mbked6k75esw6skrg02zadrcajgd,Phishing
http://vvnpcguaysti-29.apple-id-verification-alert.com/4dt55yjgfh2yspnaummtbfuhcq,Phishing
http://eyrmfcbevm-87.login-secure-verification.com/zwz2ov8r09hs99,Phishing
http://gmwlvvmu-19.lottery-winner-confirmation.com/qfu7towikt0f3adt50k7671df,Phishing
http://bzizurrfga-10.urgent-security-notice.net/o2zd62cd1futsiip41f3ajkjeiuu00,Phishing
http://onfiysfgujcnwg-10.exclusive-deal-today.net/x7b862glv1g3gkzgo5ql,Phishing
http://pckoqn-39.instagram-account-security.com/vl3hg7wucqy4wsc8429w6rhk3r1,Phishing
http://orhjesoxyt-41.confirm-banking-details.com/9xujnq6e79co,Phishing
http://jaajtnpgbh-81.apple-id-verification-alert.com/n222j96fsevqxhre4t0t1l,Phishing
http://buscrlzrezhgqvu-79.free-gift-now.xyz/jcqz0cdzi4eb1i6ree8sbocw,Phishing
http://gxqfrcftk-93.paypal-security-alert.com/c059p2psqp8m,Phishing
http://horsziasjchp-65.click-here-for-money.biz/15t1fbsvmyx23g1in1lzshpklod3,Phishing
http://hkqktp-46.urgent-security-notice.net/wdupwozp3r3vp98dw5ut2mnh9he,Phishing
http://xynsrmh-33.bank-update-info.net/bvfi059bpv9ko6yqx,Phishing
http://brjqpzn-75.win-prize-today.net/q0uvk1nhmpq9fvw,Phishing
http://hsilzhlsfwc-69.email-verification-security.com/zi8wt8bbfn5xdc,Phishing
http://gciyupejyhthy-35.instagram-account-security.com/8bau6swtbqodi995,Phishing
http://ysuosmdyptjk-57.win-prize-today.net/nfbu0eupzt90v5n16jclc,Phishing
http://rhvmh-73.unusual-activity-alert.co/b2qqf93kmn31iumpor8fo3ash3m7,Phishing
http://bxsaocaek-61.email-verification-security.com/jfox1lspo9l22u2ebfk7,Phishing
http://nyaehlem-70.reset-your-password-now.com/7agkywkpxhuyv3kz1gkh1ag72,Phishing
http://ejbecibnuws-42.reset-your-password-now.com/a027x8ps6l,Phishing
http://sgmgrdnr-72.win-big-cash-now.com/437b7aqne2z4kzoe4lvq74,Phishing
http://akogm-66.instagram-account-security.com/rv43q83n7o1qsxjsjphpinbi1iczxi,Phishing
http://epwpsc-29.credit-card-verify.net/gxieeks7ijtz4otmgp8lmzi7hdake,Phishing
http://socueymlymrxujw-68.unusual-activity-alert.co/yiss840w4oxpvs9al,Phishing
http://rxdzbgmbbq-61.facebook-security-alert.com/oqwu0k2sywio6zjgct2,Phishing
http://fqlvdu-93.fastmoneyonline.biz/v33fa04kinixcje5g3fep6,Phishing
http://cusrqy-80.lottery-winner-confirmation.com/dpyy3jeyklu5tykq,Phishing
http://xqgutnhwou-11.secure-login-paypal.com/yfhd8wkggu,Phishing
http://qoihrvvtvhs-95.win-prize-today.net/zf5t7fif18grkrwngl4jqpq,Phishing
http://pomrymsltwq-43.youraccount-verification.co/idp74r5zqqjfrnl2aj,Phishing
http://zexagcupkeiwsnx-89.lottery-winner-confirmation.com/6lsxt9dne8u0ku88ki1c9h,Phishing
http://wjmqnhp-78.click-here-for-money.biz/6426vdob27bmxyl,Phishing
http://tujbet-46.lottery-winner-confirmation.com/krw4c6tnlafh5a9zj,Phishing
http://xvuhnnbsghhskmp-86.youraccount-verification.co/ko2ltg86k1ccxs3ln39eisrjmji,Phishing
http://nbwokmwwfgctmw-40.exclusive-deal-today.net/moxci9c1oli6fp9vinsm72obny,Phishing
http://rjirpv-21.security-check-verification.co/r712t43qmlqcf9qhu9d61bkr,Phishing
http://biudy-62.microsoft-support-center.net/dx4v7brnb3dawbt44j75dfg7,Phishing
http://pxpizgvsjupmog-15.fastmoneyonline.biz/8lb847cyga,Phishing
http://feiqbvykoq-35.microsoft-support-center.net/fymtc14hn2zafihw3ihbop,Phishing
http://sgkmpinqgpmur-48.verify-account-security.co/l3st1aeatm4rthps,Phishing
http://owjepnljrvpkdyy-49.login-secure-verification.com/bxy8h2bvkkv9vio8zgcvyutpexno,Phishing
http://eiuvbnpd-47.claim-your-cash-today.biz/j5n7kpbf63o6ay4hcz7vwyimil,Phishing
http://bvzhepdmltdxseo-19.lottery-winner-confirmation.com/uy3lhspxmd3neq59xhd62b0,Phishing
http://qyopni-93.urgent-security-notice.net/5din11t6dv5zj,Phishing
http://jkalic-97.apple-id-verification-alert.com/olwzvqcnt03uu5lqtjivrh3ggxy,Phishing
http://cnredggjmbvre-41.win-prize-today.net/e1j0etxc3jk35gk,Phishing
http://ninesjebiypdnk-62.win-prize-today.net/cel6xpfr1mbgyydqrz86s536vgtd,Phishing
http://lhtkl-10.security-check-verification.co/ytlvtmo1avuw2qnc00hzqler,Phishing
http://lcwwunho-13.claim-your-cash-today.biz/pymdljc9jhm5ug4303yszo9ox,Phishing
http://hjfgwtuyj-38.verify-account-security.co/mts1t8oqtffot2s,Phishing
http://lukela-13.verify-account-security.co/wgo18rpbks6fke23xqzjya,Phishing
http://ikfedsolzro-76.apple-id-verification-alert.com/upvw8e2fisrkt6wab9pbhntftnk3m,Phishing
http://ntnic-95.email-verification-security.com/cvgcpjgij2e3bnsj7kmju3zd3,Phishing
http://txfvnjzvx-46.click-here-for-money.biz/84qxcij2hpi29v1y4qwn0c9x4v,Phishing
http://auurxqoaikdgoy-19.instagram-account-security.com/bkir6hinsyps5wkcztwltqfaedf8h,Phishing
http://ucbhvh-25.secure-login-paypal.com/u7ycp7gbdb7m,Phishing
http://iasfzx-97.secure-login-paypal.com/nflwcfxoa4chhc,Phishing
http://stfuqgcdcluehuj-25.facebook-security-alert.com/41z02tzp0d64a7wl1jfsyoz1i,Phishing
http://ppmjalyxsx-65.claim-your-reward-now.net/g173nkj91wrk7zf23qb211xte13,Phishing
http://ksnhrhwxfmreqa-97.get-rich-quick.biz/4a917tli8oyytrb0b4dxfxdnvy,Phishing
http://xcrln-52.instagram-account-security.com/icgb84as1j,Phishing
http://vonehbfinagduxx-24.confirm-banking-details.com/bz1h3k5q0g1t2lv67byfpkd9,Phishing
http://gzsyyqfaajzjt-86.instagram-account-security.com/lrez5pghoj3n9ucykh2m8360dk1,Phishing
http://ortfiqfs-36.confirm-banking-details.com/dv98mp0klu0v1birib01b6prmpeb,Phishing
http://pixlrtsbfmpttv-47.free-gift-now.xyz/sj55fp6m814jm,Phishing
http://jpectnsfheeuax-33.click-here-for-money.biz/bt5mni56wfdesuwyez,Phishing
http://lcrzvdiptxocxx-83.reset-your-password-now.com/np4c4dvv4kbbsho22,Phishing
http://ivmaacpqfhvh-25.facebook-security-alert.com/3o8r95cusie6gyb5j7z3zq62o9h5,Phishing
http://jieztcyxgd-59.reset-your-password-now.com/btt06blztz2c8wk03rt,Phishing
http://iskzwg-96.get-rich-quick.biz/5w2rc9xft5gcurei8,Phishing
http://hsktmjcj-16.paypal-security-alert.com/gmjnfyt3hrc3z1wlfauy8w4w5u,Phishing
http://kjryjjvdprxkwfu-33.free-gift-now.xyz/5w82e8ic5s5dodwdtnnxi3t454r9r,Phishing
http://slzscwor-84.reset-your-password-now.com/ofwr6svv0t811490tq9ccmhjm4fy,Phishing
http://zunhdqzkf-22.win-big-cash-now.com/7qnb3vfxuyp7x0mwsm,Phishing
http://lfqyw-95.exclusive-deal-today.net/m28os15u2wy7ps,Phishing
http://yhctirdlleacmxj-12.lottery-winner-confirmation.com/j7abw075y0r6b93ypgb0s3n,Phishing
http://ftwkftihmzj-65.confirm-banking-details.com/h2xp05k3exixdtmqaghsvtotpbvim3,Phishing
http://tvgvjvurptgfi-31.secure-login-paypal.com/ivoniwfj6zwr7db3f4fftm43d4,Phishing
http://qrekodixd-27.email-verification-security.com/33f4u3qjl5cx,Phishing
http://zrmjyppiudnb-68.facebook-security-alert.com/zrdvut35eznyx1,Phishing
http://gzburayeo-34.urgent-security-notice.net/th3vy83hubmc3geobri4vuzjc,Phishing
http://gecqm-38.login-secure-verification.com/8s4uyywa24nh,Phishing
http://swetddilcjr-96.apple-id-verification-alert.com/kmiqwqjqab0suc703gom,Phishing
http://oyqgllqlss-63.bank-update-info.net/r1to3ui7qajj456l4jt,Phishing
http://suwayqhzr-16.claim-your-cash-today.biz/7cwszhjx9nf3m0yfq,Phishing
http://scneanhm-86.claim-your-cash-today.biz/osp9ibrs1oiwnje76nd3p6z5,Phishing
http://wsaeewcgq-21.microsoft-support-center.net/ak7x6ajemc8wokz,Phishing
http://goneinjow-37.unusual-activity-alert.co/j5dtaf13rkekcc,Phishing
http://hpwlyplunki-49.youraccount-verification.co/hjl1xsavsoiwr5xmtl7hkju5,Phishing
http://zlghygmifmdd-50.login-update-alerts.co/mb4f7z7l4j1feb84wc5rrjfqee1,Phishing
http://ricryycujyz-38.win-prize-today.net/1oil233y9g0ln,Phishing
http://wcjxhkwy-90.free-gift-now.xyz/el0uq0uhzs3js,Phishing
http://gsocfzyknbiykn-67.banking-update-info.com/xyg5plvpfmjhvfjcm0hu0a9d,Phishing
http://iglqssmr-90.credit-card-verify.net/5zg3bfgq0gwvfq1m,Phishing
http://fsikhi-78.lottery-winner-confirmation.com/ba89lb5z4ur,Phishing
http://zfprjgy-45.security-check-verification.co/d79a8a8iaoseo0rbm8ll14,Phishing
http://ruayyzkwr-56.verify-account-security.co/6423pwofgbk8n,Phishing
http://ncqsljwgmpdvgh-23.unusual-activity-alert.co/zk6k8xujqb4,Phishing
http://xunxkrtojyo-89.urgent-security-notice.net/vnlbc0qfrlm4h1jfvhnilx529r,Phishing
http://cxakyqksxnfr-97.claim-your-cash-today.biz/jgajbplfku,Phishing
http://kkxzoxcgwxt-48.email-verification-security.com/t9xiiomacnhf2v7hj46vlrwx,Phishing
http://kytxvr-42.click-here-for-money.biz/rhe38g51i7,Phishing
http://plqcdylclubvnp-58.youraccount-verification.co/dkxkgq25bu7aiwd,Phishing
http://phfyxwfhqemev-77.reset-your-password-now.com/blzkhgyjsxfkhe,Phishing
http://pgfmj-75.credit-card-verify.net/ldyq8fad96ak9w3e6dpxic6x,Phishing
http://gilcioe-36.unusual-activity-alert.co/ohcd68sp0kgr5r1qz,Phishing
http://yvgizqfmhkxum-97.email-verification-security.com/fmmpbymuslgfz03xhyw91j3,Phishing
http://xogvektoacidta-54.lottery-winner-confirmation.com/y6983t3q1vfn8w2di9t1a,Phishing
http://jkkopavwzmeile-49.click-here-for-money.biz/hm0zk3tj9drmfmkegb,Phishing
http://hlqqul-26.claim-your-reward-now.net/g5xs5rlndk5nxjcmht5e76o,Phishing
http://ibmaaiigh-88.email-verification-security.com/t5f7ctcs9un62,Phishing
http://xdmzm-18.youraccount-verification.co/qjbgg93xcwpb,Phishing
http://kiagesonb-33.security-check-verification.co/uzd149ftxb7vw,Phishing
http://knfedst-97.win-big-cash-now.com/veq6bw2l809dbrs,Phishing
http://isyyqh-45.security-check-verification.co/e46szguvo146s7xere7ofo1,Phishing
http://htqmcrgn-92.login-secure-verification.com/y6p3vi8teubrf283v,Phishing
http://rtkwnobsav-40.microsoft-support-center.net/skziqu53ebhigqcl,Phishing
http://lgkciaynxe-83.lottery-winner-confirmation.com/89kmjv6m6r,Phishing
http://jflgqyarqfy-80.login-secure-verification.com/y8ei4wlqya,Phishing
http://jmxfljqkg-94.facebook-security-alert.com/h3pwy9ltex4kil9fawvgi4,Phishing
http://tdgdkyrlsqxwvcf-44.credit-card-verify.net/3oldlghxosipdb7r0t,Phishing
http://ednnwwonggw-16.instagram-account-security.com/9dk1ynrha3,Phishing
http://iarmy-59.reset-your-password-now.com/6wf50v3ycch4mn3p1qaqvjg3xw,Phishing
http://ngurypt-85.facebook-security-alert.com/mcp9opcpc6o48xysutmfnpj,Phishing
http://xdwrx-30.get-rich-quick.biz/n7e1pt3kfdktmk5n,Phishing
http://kqtphhhemytdudl-34.verify-account-security.co/asp1nk63l0tr1w5xaac4wdsk,Phishing
http://bxcsyfacxv-23.security-check-verification.co/d7jwav28d69a1ff,Phishing
http://usjftcqvkg-46.credit-card-verify.net/swxg1nips3mqpc828dr,Phishing
http://utobmveqzdjhlhu-19.unusual-activity-alert.co/w716c1rdom4qrfsmedz846xx3wl,Phishing
http://dzzixdqyc-66.apple-id-verification-alert.com/75qrzpnl92b,Phishing
http://vaufv-23.microsoft-support-center.net/6d7a49ruixnr3aygv2zamvw2u73tl5,Phishing
http://nkklodhm-54.login-secure-verification.com/4bqz1yurggt4e2dke10bc10,Phishing
http://oiqemnbmghcac-26.confirm-banking-details.com/hlmqcexsy18ku5z6y53bl6hpew,Phishing
http://mpwpmwpdvoyjw-84.urgent-security-notice.net/gnqs7nuw20kxf1qxxv3ucn8p05ra,Phishing
http://hheqo-76.microsoft-support-center.net/igxw8bn1esxo76,Phishing
http://whudf-10.microsoft-support-center.net/ty5pekm81w2h4cndqmp8gcunwedwfw,Phishing
http://krmlvftan-60.win-prize-today.net/yehrueoi7blolmwlqf7q07ic3,Phishing
http://urntowseigvhnz-75.microsoft-support-center.net/73tmlvf1blzenr,Phishing
http://wzyztmmybfojdsl-68.youraccount-verification.co/e6vzlz6z4vq4aqw,Phishing
http://xvbdxcshmpj-10.paypal-security-alert.com/494dukkwamy62,Phishing
http://obmuzfiupikse-19.apple-id-verification-alert.com/hmweizgn9k,Phishing
http://vcpomgdxsqfnseg-38.security-check-verification.co/drqa6rdf5hhn0iaga,Phishing
http://zglveiarhjm-66.youraccount-verification.co/kvfg2kq0u4118fzcv,Phishing
http://bxgxuufreunzl-15.unusual-activity-alert.co/m9ycj6kgwbp4kdb9uv08,Phishing
http://hymgqjnd-37.exclusive-deal-today.net/tvczsw8pnqrozzhvb27dbbyfr8r0,Phishing
http://hmtkfdyvq-95.win-big-cash-now.com/ow8zw4xh4bsagttb6r46zj021pmo2,Phishing
http://yuxwltmlgtsy-27.lottery-winner-confirmation.com/09b118axy1ihjjrt9zok,Phishing
http://ixdlhmtbynnz-52.microsoft-support-center.net/yl0p283w5okf3xprknky,Phishing
http://xufdqz-79.login-update-alerts.co/bqsluk0i29uopqs7y2xam,Phishing
http://zwmfn-16.login-update-alerts.co/2lte4bbr1hizsr78cj9hfsoll9hkb,Phishing
http://mfiez-50.microsoft-support-center.net/tzk4mpuhrd16cs6uc4051nj,Phishing
http://bduhhm-25.paypal-security-alert.com/fvdofit9q3s07ni1qf,Phishing
http://rszmjpn-69.apple-id-verification-alert.com/n15wyctlfm5ryvxkcm8,Phishing
http://wbufi-84.instagram-account-security.com/w52b8mfps6aax9lctx1hwz3vizc,Phishing
http://ardecwarrdp-89.lottery-winner-confirmation.com/ytnsnpcg45wc,Phishing
http://amywstob-12.secure-login-paypal.com/5aayckhzbmxstdf3bsp5wp,Phishing
http://eucrchkjpon-10.security-check-verification.co/ise7nyrkfxmyat7j,Phishing
http://ztmnqwyqsp-64.paypal-security-alert.com/ovdtpdeiaatfxlamow2cfgo,Phishing
http://woutanqjg-80.verify-account-security.co/urk5yafwrlliojo4uqupkv,Phishing
http://txrga-59.security-check-verification.co/3st6j3tlzif8dus9w3,Phishing
http://qydrdmewgr-89.reset-your-password-now.com/27eg8bdmk9itzoliy8fzui,Phishing
http://bncqklv-34.apple-id-verification-alert.com/fbfi7ibmuh2k3y11,Phishing
http://xksvni-59.banking-update-info.com/0gly5hyy7e1gwp2oh,Phishing
http://arzspfqyoxwcbe-28.win-big-cash-now.com/2zqz54m95k8r,Phishing
http://bnkdjvpk-25.youraccount-verification.co/tdwrff5v5duwtlxab,Phishing
http://bqgnff-69.security-check-verification.co/1vy7n2f6twnh57yfko2bhb4957syu,Phishing
http://urowjo-58.facebook-security-alert.com/a05amhkm9eb1fe4,Phishing
http://ovhnladp-21.email-verification-security.com/usy3sig5fk,Phishing
http://rsigjogdax-93.secure-login-paypal.com/ga5jjv4r6g7ctar,Phishing
http://seoce-20.reset-your-password-now.com/rz6011f2ksk7vfhk1mdq0ki,Phishing
http://bxuooqfyami-62.verify-account-security.co/t6v11pk0xydmvlgz5x8x,Phishing
http://hojnief-86.get-rich-quick.biz/vp3rlqd2qhqfnqbvjfuypwve6jstq,Phishing
http://alybammlucvumkk-23.unusual-activity-alert.co/qd927h9zx7pm6tqv1petw9z,Phishing
http://rjepmdyok-23.fastmoneyonline.biz/g8evtqfiwl622,Phishing
http://phudfh-98.reset-your-password-now.com/lza20pk5gtbuwnyfbd0a6dkrc4,Phishing
http://utxcuxqyscalgah-16.amazon-prize-winner.com/2gzzy9u7e1n,Phishing
http://ozdsa-55.apple-id-verification-alert.com/yx7229w9e9ds,Phishing
http://wbmwqgglqskfs-45.login-update-alerts.co/juqo03o5fxxbx3ta8ee50rxhn,Phishing
http://vfnwrxhdjua-33.youraccount-verification.co/k0gdgzklzthgp97l8dzs,Phishing
http://wczdnbfyjz-80.unusual-activity-alert.co/3zrnda22ux9o6yb98xpck4,Phishing
http://sffigrcmpbutue-27.unusual-activity-alert.co/n4yza7kjw1hjwdifn672usjs3,Phishing
http://onguutamy-31.urgent-security-notice.net/12m7wannbljt0t5v,Phishing
http://eblkkifhyhxb-72.banking-update-info.com/orzv3aa1dhsum61fzeqp04,Phishing
http://bikaaakexczxew-85.login-update-alerts.co/q4ok3hynp7fb4,Phishing
http://dbpbwwwnaejmha-67.login-secure-verification.com/4jkg17p9oxvw516jwyetrka,Phishing
http://ztqjwmwdpmi-45.claim-your-cash-today.biz/q0pgdca2wjqirvr7yf,Phishing
http://ieundsjcwbl-50.urgent-security-notice.net/41xwz0cdk4g2qmqzxql0vp,Phishing
http://aetmg-53.unusual-activity-alert.co/i6mj4rwjq5tcwm7ud0bx711xdqn,Phishing
http://dqduyt-31.win-prize-today.net/qu4w15796z82azyicpjte3fn1,Phishing
http://kdtrqnzdrtpwxc-98.exclusive-deal-today.net/0slzv7zq9cv63y85oc4gdxr7k,Phishing
http://alvyicxmzhlxi-77.facebook-security-alert.com/5ynrumh8miof1be5,Phishing
http://gnmrcxixtx-12.credit-card-verify.net/oj982ofwjoy3w5m1qp3riwct1e0,Phishing
http://hqbvyw-45.facebook-security-alert.com/au24qe4x79a,Phishing
http://xvfvpb-99.paypal-security-alert.com/yvnges6sdbukfh4v4tyewc,Phishing
http://mkgyrcyw-54.facebook-security-alert.com/flz2eeqkpppfsuvztrmjkt7u288a,Phishing
http://iiocq-76.youraccount-verification.co/3pggdycqvhmq,Phishing
http://vnsrywzdirg-34.confirm-banking-details.com/93637sqr8w7ejl7rpc13j55,Phishing
http://bqpkjolcro-37.youraccount-verification.co/okcil6vootxw9rez65fapzd,Phishing
http://aqyelgctp-57.login-update-alerts.co/bq7b4w3texlhp3ldfbygz,Phishing
http://hzpzftdxp-41.login-update-alerts.co/evohv0uzrzdnci7ao6o,Phishing
http://zszwoppsnsee-95.email-verification-security.com/6ikx7it0qf5,Phishing
http://ogmxoe-82.security-check-verification.co/4m1l3n4ujpm0lpvsla3jbv5bd,Phishing
http://swebij-46.click-here-for-money.biz/t2wm1d29opnbkg1yvzuh9tz,Phishing
http://ouiwhvhgirrdio-13.email-verification-security.com/udhd0bozlec,Phishing
http://pwkegmjp-95.bank-update-info.net/w5dd5zutt7l,Phishing
http://jmvfg-92.paypal-security-alert.com/23unxpt6ia6ylty7,Phishing
http://wpnma-45.credit-card-verify.net/hfmsaockub5ysakf9yh3r,Phishing
http://ylpiabrpcy-63.apple-id-verification-alert.com/yxiy79nf4dx5gu,Phishing
http://aglmgmxdg-50.apple-id-verification-alert.com/nllsmw0zfx6wdcbyr77hjnc5fg059,Phishing
http://qvfdgp-92.email-verification-security.com/4llj3ioj7d0lzfj,Phishing
http://nhuqtxeyprn-66.get-rich-quick.biz/1q848t5vcu6vul6r90ox,Phishing
http://vdlvoqeewx-98.amazon-prize-winner.com/1tdzn1yasowcrzky7g,Phishing
http://bzpro-74.lottery-winner-confirmation.com/qp6f8v94wfldr2k8,Phishing
http://jyzhj-59.get-rich-quick.biz/6bnefa8qtzlw2k2j0obzxfy,Phishing
http://tzpncvwwky-21.free-gift-now.xyz/o0wao8023vfi39z5mow7frsye7qai9,Phishing
http://ztlxqnnuzelno-54.instagram-account-security.com/axs4k8jgxwfap31iy,Phishing
http://fjqonpwo-68.claim-your-cash-today.biz/axoolugy94b8o0bxcki,Phishing
http://tilnegfec-96.exclusive-deal-today.net/op5wyho4mq26ggnhpmtw,Phishing
http://gxxuiema-94.free-gift-now.xyz/2vqrhq0y0g4ls2rngxtef3ip1,Phishing
http://tvjgokjofeosqwh-66.amazon-prize-winner.com/g4h28sejy0gmensmxvqh8,Phishing
http://hriphfphndu-72.banking-update-info.com/0s3rkddemtreh9m3usq74ssl0jypck,Phishing
http://swtgpbkm-80.credit-card-verify.net/tq9fg1swd7o,Phishing
http://knkplzckyfgzxt-41.security-check-verification.co/radv0tz5klgu0czu4e,Phishing
http://xjplxnpfezqy-53.secure-login-paypal.com/90vabhyhh7jwn,Phishing
http://ajtcq-61.exclusive-deal-today.net/6qdwh5e767bceos706vp5lufvz,Phishing
http://ckuswjwtngaqorm-42.credit-card-verify.net/lf3kr1zxe7p9ofq4v2p880glae162c,Phishing
http://lcxqpha-27.confirm-banking-details.com/e6djmtrlldu4o,Phishing
http://xkmuszfwqnkjgwc-28.free-gift-now.xyz/zk1gg06b663u129,Phishing
http://swsondbi-21.confirm-banking-details.com/wc8c7ko3fze,Phishing
http://jikubqnhfbv-31.claim-your-reward-now.net/6wsbgamf9iggmhpq3sk,Phishing
http://vhglfjhqulicqa-68.claim-your-cash-today.biz/g7m2tvft786tuwha6,Phishing
http://ruafogjuzk-66.unusual-activity-alert.co/kpk4okpncr219,Phishing
http://lhmektbxgl-79.bank-update-info.net/lyjvypnxuke0izjfk6od4mk2wu7,Phishing
http://eozctotdotp-11.apple-id-verification-alert.com/d2y2e5u881q5rpnmcf,Phishing
http://kkwqxqrrkyqbwjw-58.security-check-verification.co/963mdvzgj9clhug33l4ystahs,Phishing
http://tsnliqucththyj-84.bank-update-info.net/ri6ta13cr90fdobgd5,Phishing
http://dlolryabzpjisqd-39.fastmoneyonline.biz/h9zhwl5o8xiec3ef9cd8y51ubm,Phishing
http://dwijjpxrrqb-48.reset-your-password-now.com/k3ipo17armi38z,Phishing
http://jiajswgvfun-27.secure-login-paypal.com/03caati41q4geigjojhw4kqetjj0,Phishing
http://vxzcqdwyei-80.claim-your-reward-now.net/4ihtyl09pi6stu44e9cdl5e3e48y,Phishing
http://jhkiwdpsghdy-47.get-rich-quick.biz/av1yi94a7njf0aexqriid4lq,Phishing
http://futudhl-80.banking-update-info.com/epyz69rxoog65,Phishing
http://luvhatrpmbg-89.win-prize-today.net/cja5vyzoaybasdlzso9vu1j,Phishing
http://dirnuzaf-68.verify-account-security.co/2w2d7ghdih8da81fjg1h9ybbtc9hn,Phishing
http://wovoecqd-91.security-check-verification.co/wmo55qx4raebmm0j914zek,Phishing
http://qzklumtbmpryff-18.amazon-prize-winner.com/9ylj9miwxwwv58ugrjv89fouv9yj,Phishing
http://umxnldvmww-68.reset-your-password-now.com/xkf4jlx23yj94wl27b4y,Phishing
http://adhhtjszj-33.paypal-security-alert.com/rxz18ctwggbjmng0z22lx6cosmp6b,Phishing
http://rsjbwezxd-14.fastmoneyonline.biz/krsanhkke7bdl1vyex,Phishing
http://vscdyudnztifs-61.reset-your-password-now.com/wyghj73uwydhj7,Phishing
http://xosmjamjxyi-69.login-secure-verification.com/8p670dj291vlprm76bn2lmi9v,Phishing
http://wdsyakqmqfkzf-21.facebook-security-alert.com/ejvs477chear,Phishing
http://jprhsiohhtteg-26.win-big-cash-now.com/rwolbooo0temt6ddjdnc2,Phishing
http://oflfzm-36.unusual-activity-alert.co/xkvm2exlmswi5vslpfvvt0q,Phishing
http://ccjfqlraa-88.get-rich-quick.biz/rluuhtkxt5pyfenbf9webhprj0kj0o,Phishing
http://yqcouxecnxi-39.unusual-activity-alert.co/upfemxizv7hr7k7tqyulv,Phishing
http://stesgkvpafvj-76.bank-update-info.net/5v53fujux0nopadk2oeul5,Phishing
http://elootuwlhkoo-46.confirm-banking-details.com/fibg0cz2e3ftxofq9lqxbywa8g30l1,Phishing
http://rmuzywpxb-73.security-check-verification.co/gth6ya8uj3yb6lnt6fe48v9,Phishing
http://qzmtpwoxvm-74.claim-your-reward-now.net/e44cul7cu51ymubv3mv,Phishing
http://pckbo-15.credit-card-verify.net/qfc63ynrym552,Phishing
http://ynidsbype-64.win-prize-today.net/hzl0zbb7kgzr5agw8u3cby7yf30,Phishing
http://fubnsbygebzdliw-81.win-prize-today.net/gsm3c05pumqlj23q9sw66xtuyqrii,Phishing
http://zhymfz-75.amazon-prize-winner.com/pqa4uc7y3ydxfshiytfj3yc72ac1fu,Phishing
http://oxvvfcgyz-55.microsoft-support-center.net/s806rjci0m25wjvrt,Phishing
http://ovjxpwifdumvk-89.claim-your-cash-today.biz/w6og9yuyies9ubjbhr,Phishing
http://frygpirn-35.claim-your-cash-today.biz/1dkvq14ogxuii604h55r2,Phishing
http://ffjwwzc-44.urgent-security-notice.net/qjqnt9nhvcoqg24g74,Phishing
http://axhxfbocobrrra-81.security-check-verification.co/ihufsauuphi077srn6tyo,Phishing
http://guyqcuxoldqocgu-48.confirm-banking-details.com/wmo2z1fo2kn054pxtbj6vhxg7iirs,Phishing
http://skeizqvdxtyu-18.youraccount-verification.co/7w3eqtu88j2uk6rcwjid,Phishing
http://kcdcoukyklpisig-49.facebook-security-alert.com/8lzzaer08fhl,Phishing
http://nqpxj-81.reset-your-password-now.com/ydnrx9npzjnbn5y2f1a512f,Phishing
http://jpyqu-77.exclusive-deal-today.net/ebr9jpw7s1gg,Phishing
http://rcnqncroq-62.instagram-account-security.com/8ccxpk2i87dilptd23reu3npv,Phishing
http://yfbuc-22.secure-login-paypal.com/aoj2khpucpyuqi9r14dg0rn8,Phishing
http://evmchsl-51.fastmoneyonline.biz/0okme0a371zlako,Phishing
http://wnnthjqultaj-67.exclusive-deal-today.net/zh97hj5rfce,Phishing
http://fojngyeitnvp-98.bank-update-info.net/pfg30wbdfrtvnyewn0p,Phishing
http://mycjwgdj-26.paypal-security-alert.com/77y7bvdxad716p0rzr30s5e88tb5ac,Phishing
http://uijlrjsfre-35.exclusive-deal-today.net/4xwzt3hif3dbbo2u,Phishing
http://eomaxddnzjfbmiy-39.click-here-for-money.biz/cqrcoucsujlv,Phishing
http://uuqgvgbu-30.get-rich-quick.biz/aurvt7wct16dhhc8a6nwm2,Phishing
http://uybrrfuybuoha-24.win-prize-today.net/s5yf0el35fqtu,Phishing
http://diccnpsajbmxgq-71.youraccount-verification.co/sfxh4wbts6jhue4y,Phishing
http://niatgweik-15.reset-your-password-now.com/m1njndmxo2,Phishing
http://uywxhojvkyzen-82.win-big-cash-now.com/a0q6jtf6q51gx1wt1n7x83dq11,Phishing
http://xaqrsar-27.reset-your-password-now.com/m6rb6bk97o7z0zrxlznzh7yb0p,Phishing
http://ygbucccyiz-87.microsoft-support-center.net/lzuuq1h28ziuyklsu9k9hy1,Phishing
http://tulpkflcdfnbhww-56.security-check-verification.co/alkbtvkl9zrf,Phishing
http://xdwpgwhaex-59.click-here-for-money.biz/9l9627wffy1bk2q9jvs2,Phishing
http://kbckhdidruq-89.bank-update-info.net/j3nc1nrmcfm4ka,Phishing
http://huzvcfjxawi-35.reset-your-password-now.com/at5iyoa23n991s7vvsq6ce411douv,Phishing
http://mqcppalmbb-17.youraccount-verification.co/rzs9zn9j9gdrgjoon,Phishing
http://exzfjgdhuj-42.apple-id-verification-alert.com/qq0ojnn4wmmcldmnzk32,Phishing
http://pxgdk-56.amazon-prize-winner.com/ea2uemqbyshy0pygltfc7efk,Phishing
http://wcplmeli-41.secure-login-paypal.com/mrmdx5uwd0bqr5bjidp4i3hf15ycr,Phishing
http://wxlhlai-56.bank-update-info.net/mp1q9u6qs12f1t5zpyw,Phishing
http://ctljcvepjk-19.verify-account-security.co/el1gsaayf4gove5tethhhim8fz62,Phishing
http://gwcpdamjfgahjhd-54.secure-login-paypal.com/wh373nly9k8ipjld7scy8vfa6g3z1,Phishing
http://sdppmuaoryf-41.exclusive-deal-today.net/a3i4ek0s7rnkm9qq83,Phishing
http://vpxxvpdorzpmjsq-37.microsoft-support-center.net/utmplu3wrb2f28,Phishing
http://uehxftkmup-70.verify-account-security.co/x98u0trrag2utre0jen137kuls,Phishing
http://enubm-62.bank-update-info.net/5it83yyhpx4,Phishing
http://bzpcjvwiu-32.login-secure-verification.com/c83rz69g7n63ugejomax1vwdqad9,Phishing
http://wxknnujuvnrilv-19.youraccount-verification.co/ft6jdgwibzhja8b9a8edmcson6,Phishing
http://yonmpwppglc-67.banking-update-info.com/gf6xmqes74ykxtlp9i4,Phishing
http://wmryvj-23.paypal-security-alert.com/iarheb6mg79eg3te6wtvnnoh,Phishing
http://iqosugekmgzy-79.secure-login-paypal.com/ky739ygnzu2awyn,Phishing
http://klpkgftthtxu-70.instagram-account-security.com/1ccexsrj22rivh1,Phishing
http://nhjfr-47.claim-your-cash-today.biz/k1z5f6rmbywp8w,Phishing
http://fckrhswhxn-45.get-rich-quick.biz/zcgiloteamkvskl133vpn5ie4twur,Phishing
http://lnkmnkw-46.login-update-alerts.co/fdyvw93xixu2fdhimwhd981pni6,Phishing
http://joflfnym-95.instagram-account-security.com/4gkmb5phlanaony7fbcp,Phishing
http://gmbfqvji-38.microsoft-support-center.net/cg3odrdfg5k6g5ojbpv1vtf1z,Phishing
http://vmuqkctxvkujtce-27.urgent-security-notice.net/x7f4onn6yhqq3wg,Phishing
http://hsszpxphr-64.bank-update-info.net/rtqudwj1dxb2tu7l5rjdfcs0,Phishing
http://zwuxu-71.login-secure-verification.com/zcj6jpeqpe0h4yhzqz,Phishing
http://fddcyjlenmtfyly-44.secure-login-paypal.com/tvbia589ezc46lj5whtz9jil4oep,Phishing
http://taxwjac-79.lottery-winner-confirmation.com/5j5rllmicoiie1iq5oq31uz,Phishing
http://eflocku-17.claim-your-reward-now.net/08sr4wl7va2b74yqr95qpukqwuu9bc,Phishing
http://sirltfenlszk-40.verify-account-security.co/n0fkbm9g2xphcyq80456ozqdisj,Phishing
http://ucevdetsct-65.credit-card-verify.net/870hbm312hbyzlak65w7iv2r,Phishing
http://ptkwuvrnxtwwfcw-14.exclusive-deal-today.net/w8w11to2l04ezkq33anma8l00m7o,Phishing
http://pnryorpveivxpzj-53.youraccount-verification.co/eusan7lcje4gnpqqn,Phishing
http://bihjagf-99.paypal-security-alert.com/be2mp6zypjdkyiqkk4sheowzuynkhf,Phishing
http://wlsvrih-90.exclusive-deal-today.net/0fac1j88d25,Phishing
http://kyvwbvcf-34.claim-your-reward-now.net/r2walmyd59gm,Phishing
http://ikjtkwd-13.youraccount-verification.co/lkplhrpfuqrmk7nq,Phishing
http://ymlplaulefshj-43.security-check-verification.co/85xqzfslxzuk14knhs0j1pzw6ur7,Phishing
http://kqmzvsbuhpr-32.claim-your-cash-today.biz/xirscfyoaedef5iym21zhgb2x,Phishing
http://dykmd-48.microsoft-support-center.net/z3gkbxr4u03df9xsw0iix7pwe,Phishing
http://gmrajoochkxs-62.email-verification-security.com/wyzis88maimcxkycfqffiqx5ul,Phishing
http://wubcimdbcexhnse-24.bank-update-info.net/1j3afiy5ld,Phishing
http://daevbtlhpc-47.claim-your-cash-today.biz/iv7jvbr80re0lpnfy6,Phishing
http://gqpfajulkglph-21.credit-card-verify.net/4x1eeil0zhb6702q,Phishing
http://pwboylgxbjkyzs-21.amazon-prize-winner.com/uw5c45xsmo,Phishing
http://kyoliyllet-67.lottery-winner-confirmation.com/yqad7bxemn6c3tcht8qozd26at10y3,Phishing
http://vvqwwqh-62.youraccount-verification.co/wns0jmx2ifosagj698nu,Phishing
http://qdwvjcubcckz-79.exclusive-deal-today.net/m7vvcz353fp396f,Phishing
http://eyzwbxnjch-70.urgent-security-notice.net/5dbh7zfdf4af9u9s2v8h,Phishing
http://yoxhw-78.free-gift-now.xyz/450rcmv200woe,Phishing
http://bafdtgohgzwe-16.exclusive-deal-today.net/74vntfpndyo8n515xhn8e,Phishing
http://tctlewsmko-88.email-verification-security.com/wk6s8ia61qjrrp06e,Phishing
http://jishyemknacymkc-46.urgent-security-notice.net/v2t8ws4m9hkzv8veuzj3yhvg872,Phishing
http://drvtukg-84.amazon-prize-winner.com/lhs81iylj6lsvs,Phishing
http://jwvqjnszvjpo-18.banking-update-info.com/o2ikjy1in43j5s,Phishing
http://zfdgbszxwzq-75.verify-account-security.co/sjj50pw9u5cjg,Phishing
http://vccynjltow-94.youraccount-verification.co/a34c33soaic,Phishing
http://suhqeoqwugzteyw-51.click-here-for-money.biz/yxshc5rfykym6114g9cymm,Phishing
http://jnxiebobsz-34.urgent-security-notice.net/sskjqq9p6v4z0x1a,Phishing
http://szpejnzxlrnrm-39.free-gift-now.xyz/u8zxz74t4niccvk1xe7lstj,Phishing
http://uuwyxwsbzna-11.claim-your-reward-now.net/l50xjicj8pmdm,Phishing
http://oyhvhaj-17.credit-card-verify.net/u9elaioo5xgyyizi0dkl,Phishing
http://stqrlkjmc-98.banking-update-info.com/u870rt5vvr,Phishing
http://lckxjxrmnzoyzy-61.click-here-for-money.biz/wp47ymfi7t1ko90xcb,Phishing
http://nsarks-89.unusual-activity-alert.co/0cwmg766uvd5az2jkg3elbwkkdn,Phishing
http://zwcoogftgo-33.facebook-security-alert.com/dcnqb256hjo81qp05u8nqq7z81az,Phishing
http://zdekmkq-20.bank-update-info.net/k199nsnmf4jnzft9yrq4n5cs4g0gn,Phishing
http://ohbxczjnmkgizhm-87.win-big-cash-now.com/qkke6lbdaa58pnu3sdri7pmrw7,Phishing
http://fnkucalsszexqxx-32.win-prize-today.net/piz275kiccqnx19qbmzmc8r5,Phishing
http://sqgohigehlynkg-74.confirm-banking-details.com/kvwozqmze7,Phishing
http://hsphunzlu-37.verify-account-security.co/fvlv5b1vdaq9cau4x4uh1rs,Phishing
http://rsmeww-55.claim-your-reward-now.net/orq5c5see8m7qdodpb,Phishing
http://npjqnurnbpm-39.claim-your-reward-now.net/yrzqr2h4o0gth6zkunn1q7,Phishing
http://tagrhhbypimiq-63.secure-login-paypal.com/uonshsvhlyghavoch51s,Phishing
http://eclionp-90.win-big-cash-now.com/zxr0vq3vs05qi9d71mbtk0e,Phishing
http://anjcjurf-50.win-prize-today.net/3a38dq2rd99nnm1b,Phishing
http://xypjcjncrvln-56.amazon-prize-winner.com/kpuvcbzvulqifo3nw6vq9nln1i,Phishing
http://sxunipdzuuwpzk-38.paypal-security-alert.com/twnt8w3by87yhrpk8uvqd01sijz,Phishing
http://krkljnvsjznh-31.paypal-security-alert.com/1bt5cjme2j0sbd,Phishing
http://tjlicoemcv-32.urgent-security-notice.net/ivda2riu55adk93m4gvjvg7,Phishing
http://qdddcxwznpt-37.instagram-account-security.com/yuw7ac8qk92z0cjr458,Phishing
http://drqnhwcqarlxypv-40.login-update-alerts.co/nzb000gmvle1cu218veai,Phishing
http://odkihns-88.fastmoneyonline.biz/fot9m4lrov58xz,Phishing
http://awqggleeohrcubi-85.microsoft-support-center.net/j8h5i3lih398f59dd1,Phishing
http://sjdunvvheddtb-90.instagram-account-security.com/cxm6kd6s2i9ygu438y7cnk,Phishing
http://ysvawcsmumfjzn-34.login-update-alerts.co/1woo1ub7bbh1wmrr54br9,Phishing
http://yckfvalqnykzpl-49.verify-account-security.co/ikyfxu4l8y7yj92ec7g5sq28orjtaq,Phishing
http://btfvvuumglyzaiy-82.exclusive-deal-today.net/wfvykamh9p345w6y59lkmua,Phishing
http://lraehqcy-35.login-update-alerts.co/1tms66kjlt7of0xz,Phishing
http://plgdsepy-58.lottery-winner-confirmation.com/iimdemol0l5ixm2oyv9078,Phishing
http://kicgddsllcdfiw-74.unusual-activity-alert.co/98d2w8y3caavpk5groj7v,Phishing
http://jvrflzlopx-30.facebook-security-alert.com/utikfgderkq,Phishing
http://uqysgky-91.credit-card-verify.net/cq4zm6c7352busisjox2,Phishing
http://eskyhbiu-97.bank-update-info.net/0ybmeqd67dqxi955axigz,Phishing
http://uhncfmnuuorps-60.get-rich-quick.biz/ct3tw3fbp5en3aire5t01mxm2,Phishing
http://ktuibv-99.win-prize-today.net/zyg91wx3xj,Phishing
http://gghehiyjvjashod-18.click-here-for-money.biz/8lou7b2px21fkwsirumqq9extsi8x7,Phishing
http://ezszsybzkc-62.claim-your-cash-today.biz/prbtadxzdw8ax3nk2taqdinv,Phishing
http://euivaboonka-18.security-check-verification.co/r3gb0a5bfeo,Phishing
http://odxnhyhs-81.lottery-winner-confirmation.com/2ey7qt4o21anwbs,Phishing
http://keaqpthuzldxnw-26.apple-id-verification-alert.com/9b1t5s1osjhq7,Phishing
http://eiqdhhvnxnmds-43.apple-id-verification-alert.com/loc6a3uah399v4an78vn4z,Phishing
http://wmgqrolus-70.exclusive-deal-today.net/xso6at4dxa53yi2otedx85,Phishing
http://loropxzzpzlql-93.verify-account-security.co/wax7lbac7gk1v73i5mcv73m,Phishing
http://ftzhrxkfalnj-65.win-prize-today.net/zv02jgz5ap0sqewfrjn6,Phishing
http://lsdcqb-25.security-check-verification.co/0yqcbk3asxdyd8vq7ws,Phishing
http://lfnigsydskgsgdx-50.paypal-security-alert.com/amzel4t5o1jh,Phishing
http://ufwjqxllbwa-94.exclusive-deal-today.net/lfhgm2vybooj,Phishing
http://bhnuzzxin-66.instagram-account-security.com/11vu25j0u1tzr3abe4wr10ee0r5gcj,Phishing
http://ovcjfeuqkqmwraq-30.facebook-security-alert.com/nqbk5yorcqdqpyon3j3o1tx,Phishing
http://quqficlc-84.banking-update-info.com/01o8mzi5igz,Phishing
http://slbgfka-68.instagram-account-security.com/quhcsjeap56mnidpa,Phishing
http://chpcvnckaetv-95.amazon-prize-winner.com/n5ukr9hiw6ni,Phishing
http://zfycbbywo-80.confirm-banking-details.com/o9dyz5t68wyai6dgop,Phishing
http://ixbspexfwbpy-39.bank-update-info.net/eg8fabgslr5m785,Phishing
http://lajws-47.facebook-security-alert.com/zb8aqn64vf,Phishing
http://kbiquqy-58.security-check-verification.co/en82488ynky5p9kr8z,Phishing
http://npsvgov-34.instagram-account-security.com/ocdchcusmcglqvw3v59x1gsablg,Phishing
http://qvfpmrhzybj-16.paypal-security-alert.com/hhycop76krxb16pq,Phishing
http://wehzhptzigah-56.click-here-for-money.biz/j0fwz9ztbymzf2t5rx,Phishing
http://qvzkmnvak-61.login-secure-verification.com/j53xfnpu7hxl8ihv4pvai1yiq9py,Phishing
http://ytpjqhauwuwt-11.paypal-security-alert.com/hs7y95ca7zbj6c7xh12kqh8gx,Phishing
http://rfatfoh-85.win-big-cash-now.com/lu5quyt32d1w4nt8ljk,Phishing
http://zdsex-95.lottery-winner-confirmation.com/8rbf42pmkbnqtfv6hqo0czp5okg5p,Phishing
http://bymvdivvdpuvic-56.confirm-banking-details.com/tdwcfqprfnxn9y4ow4g,Phishing
http://ppltwmujkwhrx-81.free-gift-now.xyz/menhryftkk6tjvq507w92,Phishing
http://mdkaxxj-64.fastmoneyonline.biz/mnut2jpgael3z,Phishing
http://ifplmcugcot-38.youraccount-verification.co/knx4vzfgx8y2xviej2lhqk,Phishing
http://xpvqiaouphytlku-95.win-prize-today.net/nuwhvlzhfjklylhqdz,Phishing
http://vdsqkje-81.claim-your-reward-now.net/sv1b3lu2y7q7jgb6,Phishing
http://kkhee-56.win-prize-today.net/ymf89f33oh,Phishing
http://nshldtdplronpnp-18.lottery-winner-confirmation.com/6oo2bwzkzoqad16q97t0p3ay3,Phishing
http://vxpzoljonl-83.login-update-alerts.co/gvcr15qtt27c7c3n8e5jx,Phishing
http://rwrabmdo-82.login-secure-verification.com/3d81q4udaf06za18x1g2w,Phishing
http://zoykq-12.security-check-verification.co/tf88h13bvbayg0ph7,Phishing
http://eujebwrefwgheh-95.apple-id-verification-alert.com/7gmlwuaoxzif05r76tf7,Phishing
http://yujrxxnhej-63.facebook-security-alert.com/0ujlu3zt4se,Phishing
http://sjniuswepuxxx-31.claim-your-cash-today.biz/alhd1mykqc9lcpdp58yozj,Phishing
http://lwefegvna-64.reset-your-password-now.com/27hd9kbvhe7zgcx47gnjch,Phishing
http://yqiybgyvsor-20.email-verification-security.com/jhauvdjxjpwenm8s8bewi8borbl,Phishing
http://rhsmgufdoe-87.unusual-activity-alert.co/31rolwzr6v4ln4rvdxh667v3,Phishing
http://sbafy-41.free-gift-now.xyz/js84lsio43gg96zjwj,Phishing
http://rkpwtyhvjbn-10.email-verification-security.com/y4y6myhihh63i5w,Phishing
http://toirzlp-41.facebook-security-alert.com/ifbixrpot2kbkafvv42jwzxuk0md,Phishing
http://vufhtt-84.paypal-security-alert.com/4ky3ktck1qneyn,Phishing
http://fwbrhypjmuiaoq-92.claim-your-cash-today.biz/073qyxqddjslg45zvbi67u4,Phishing
http://nvezzissaftmknz-49.login-update-alerts.co/bx10mkh8f4h24mv6ex634gfs193fiw,Phishing
http://ypbgvtl-49.confirm-banking-details.com/njjzj7pg5lu4nodba,Phishing
http://yyyzu-98.confirm-banking-details.com/zqr4ltcoov66pkx5a,Phishing
http://icmeonsaziavl-24.exclusive-deal-today.net/1njth0ymq0ze3c34523v7ggi8,Phishing
http://wyrbmvyyzjxixe-82.win-big-cash-now.com/q1o8jgf6exbyp,Phishing
http://oxlillg-87.fastmoneyonline.biz/u40tfd6stydn1fpq504hozeu53ta5,Phishing
http://ixcey-88.banking-update-info.com/1p16phjylhpawyvzjlmld5q7e6lua,Phishing
http://udqussuwdrpp-82.apple-id-verification-alert.com/d2bg7l9l5onkx5cbxiaz0z75f09zy,Phishing
http://zhzvwbxt-13.unusual-activity-alert.co/lbvjq4wm2a2gy0nezf,Phishing
http://xofawjjzhbjvpa-46.bank-update-info.net/hbv5cl1ly3885o,Phishing
http://tqbfqdfybj-33.claim-your-cash-today.biz/tnsqznvjjeml5dpou4,Phishing
http://odmfzjay-79.claim-your-reward-now.net/j4yyfuoduvhlkv7lm6ezbqv2drhk,Phishing
http://dhknvu-63.click-here-for-money.biz/kicxv8q619yqz7x7b1uc5pz,Phishing
http://ewoyhw-25.login-secure-verification.com/9jmr7dfhlt,Phishing
http://ziiczabrwyvnrtm-91.exclusive-deal-today.net/lcqszzo9i32mxsqaqt8xyvt,Phishing
http://ejulcyenpfyldsb-75.microsoft-support-center.net/q2pp1dy7ri863vj,Phishing
http://jxswiiout-79.lottery-winner-confirmation.com/o8jfbcobcbylyj,Phishing
http://ubkxjouyfgxyg-56.reset-your-password-now.com/z3l4qq4e0enc,Phishing
http://focnpposjwn-55.unusual-activity-alert.co/owt3fpfiy3lq,Phishing
http://qwmlyippbxzwapi-36.banking-update-info.com/ubtgz9q4gt8e4exi8u7kpfl,Phishing
http://amhcglft-96.get-rich-quick.biz/bqyz5hmf8ag,Phishing
http://lmnnhtzo-49.youraccount-verification.co/dp81x4x1g0o7e,Phishing
http://iklpzm-58.free-gift-now.xyz/wurvflpa59leuig25a0pix,Phishing
http://jcxfnnirfez-86.verify-account-security.co/2w0t0xfrlpj9sqyn,Phishing
http://nybmvtswgixhah-57.exclusive-deal-today.net/uajfhujafr7wiwh414vr0,Phishing
http://iejzmvycvg-37.paypal-security-alert.com/mbdk0z9qd3,Phishing
http://txqryxbifa-58.credit-card-verify.net/5k96avqm7lquuef,Phishing
http://vbuevn-54.email-verification-security.com/57p7pxl7t9ralaqb88dq0,Phishing
http://tbiizfiazgaky-76.fastmoneyonline.biz/0hx1d5xugb,Phishing
http://mcfzoanhdex-88.login-secure-verification.com/3rycbwu91s4,Phishing
http://cnxjwq-64.win-big-cash-now.com/p2xxlh3sof6duicd1u6dalsz4wo,Phishing
http://wdlmoeehqiytxv-87.win-prize-today.net/dmwhh24wlgaa5h8vn13pj,Phishing
http://sogtg-71.unusual-activity-alert.co/wsonphgc47h9bsafgmze7,Phishing
http://ctyxdgne-70.unusual-activity-alert.co/tkrex79eg89ojf0uw9ujnd,Phishing
http://kerprlklr-42.unusual-activity-alert.co/ocssm2q3uqgicp,Phishing
http://zawkpruc-12.claim-your-reward-now.net/izvlu6cym9q,Phishing
http://ycxwbxqlu-17.instagram-account-security.com/dxzgh5i0ckkiehkqqs3,Phishing
http://htlsbfvhc-40.fastmoneyonline.biz/ymu56vjnkablilbhoof7qnt,Phishing
http://leerv-72.microsoft-support-center.net/e5g65giu69tphbvjk5,Phishing
http://mnqzlbepxjc-21.free-gift-now.xyz/j94ald5wej,Phishing
http://mmkzozjtsoazksw-70.bank-update-info.net/jyaze3lmy05axrk2,Phishing
http://kqkqkmamcmhcg-18.exclusive-deal-today.net/2gdkjc14bk4ez6onme4kw6as9y8aer,Phishing
http://wfzng-27.unusual-activity-alert.co/u3rdy9lur1cdzxwchoa6wyids6nk,Phishing
http://jxtcqnvfczzmz-56.claim-your-reward-now.net/mz1vn9b5sd0adz3ni,Phishing
http://tldogedqbquzrs-79.click-here-for-money.biz/w50jp76hd0cwz2ngpz2dlzhemhht2u,Phishing
http://tdgrwpvtwrlljj-78.urgent-security-notice.net/q61xnm7d8ued6,Phishing
http://tqjpqbsor-55.urgent-security-notice.net/dg0nw2jl3xg4,Phishing
http://jppqewoibamwbwf-55.lottery-winner-confirmation.com/rf62twae07kka4jqa0t1603,Phishing
http://xwjtqqv-97.win-prize-today.net/h1qxqx5zskdbl0463,Phishing
http://opacne-86.apple-id-verification-alert.com/xi0nkn9j0t49bvnsjoo,Phishing
http://ptqbluurjoamak-67.reset-your-password-now.com/ahq353p6dtdhxvihaoydo,Phishing
http://eiepppo-51.youraccount-verification.co/bhwtiltd1rhtydya,Phishing
http://tujoxn-76.win-prize-today.net/7rbxok54e9i,Phishing
http://kqmvhndsdqjrhg-37.amazon-prize-winner.com/7nfoamgy8vl,Phishing
http://xadooviqybdtx-38.claim-your-reward-now.net/hgh78jqwhs,Phishing
http://oldfncjy-97.youraccount-verification.co/4014qgff9yel,Phishing
http://ppajhtjdovoairo-32.instagram-account-security.com/sm9rn9est3zo1jgvpe29ieesl,Phishing
http://gxkkfnou-72.fastmoneyonline.biz/8uo6uiwuazd112,Phishing
http://fxmdb-19.login-update-alerts.co/osn8iht8ahjdnvbfuq20jji1mdee,Phishing
http://zxlchfuvnzhj-54.youraccount-verification.co/tce7keuh46gc7ngu5,Phishing
http://plcwpzreya-88.login-secure-verification.com/cowiijya3fqccn0l3ppncoep4jhwh,Phishing
http://urixrywthekcdgh-49.youraccount-verification.co/og9wtzihixjq,Phishing
http://uakrfcepljmanm-57.click-here-for-money.biz/8ep5bi43bf1c8eq1mhe3ds5xtuvl6z,Phishing
http://dafqt-96.claim-your-cash-today.biz/s6o32likeijv9lk5o,Phishing
http://ypiqps-15.banking-update-info.com/6rr42q4yvppy4dln0kky5i9,Phishing
http://fgycsyfpbqnmv-59.unusual-activity-alert.co/eacnyqepefnpxt1s5lgaezn,Phishing
http://hoinippegxha-72.claim-your-cash-today.biz/qlw23f33odo3i5jzcfos5ra,Phishing
http://igpyzmepiwm-45.lottery-winner-confirmation.com/jvifcjfm0def0dlyt3k2ik2k13uz,Phishing
http://kjufq-82.security-check-verification.co/ljkok37bp0oc5qe,Phishing
http://eprwgmorfphwcv-19.banking-update-info.com/60bh2a5lj3ytzx6vu,Phishing
http://jddcjp-58.urgent-security-notice.net/jrx0nvwzqz,Phishing
http://cuhmsvietqutf-76.win-prize-today.net/zwt68f0vkczhj23c0fw1r8yr3iu,Phishing
http://ahvhqiiigpb-62.click-here-for-money.biz/djt5kr8j1uvzlhec60q,Phishing
http://xoowygaezcfasca-40.urgent-security-notice.net/0vjp1sn4t9xftu9,Phishing
http://voodsfyjfkf-14.claim-your-cash-today.biz/0n81qo7r3ti3,Phishing
http://vwswlzelw-39.free-gift-now.xyz/drmib0o8x3amvwwsm7eju,Phishing
http://zwmjryqjir-19.secure-login-paypal.com/ih0fkrd3e9a3ul10goiuh8,Phishing
http://pdrfnjl-17.reset-your-password-now.com/9sx6i3t3gqgzh81c0rmqq6tsft,Phishing
http://ouxrpp-29.get-rich-quick.biz/pxzisdetrm57y3en7qggcgh2doju,Phishing
http://moyaoyigo-19.facebook-security-alert.com/6b5wks2s062khegqj9bd2raz,Phishing
http://bhmbz-94.win-big-cash-now.com/j33yxp4i9buj,Phishing
http://udcarvxlgzaczv-12.facebook-security-alert.com/17igmlvsgu8xq04e47kv,Phishing
http://wskpopubiy-45.urgent-security-notice.net/sim1u09h3c2h,Phishing
http://neiyax-87.claim-your-reward-now.net/kuqowp759h,Phishing
http://noffm-66.urgent-security-notice.net/wdj78n04fjpxl3h1pv20,Phishing
http://tcign-23.reset-your-password-now.com/6wjznew16uuxswnwki,Phishing
http://bupxxb-92.secure-login-paypal.com/0lg66unwvxckev455zy606lhw3mzi,Phishing
http://lgrdibf-32.verify-account-security.co/johph19y41k,Phishing
http://hpxcwilfdybl-62.paypal-security-alert.com/x2pf8t538l6vhaz8whi1sk,Phishing
http://uvfjry-86.login-update-alerts.co/bzqcl9mbg2adz16t2p,Phishing
http://tkshydjr-31.confirm-banking-details.com/k526zj7krrulwyoqu6lk57,Phishing
http://gzixprhujijga-41.apple-id-verification-alert.com/bzjlx3aodwxbem,Phishing
http://wnsyvqwrnd-53.exclusive-deal-today.net/yv87iepy4ssh3j2xe7kc9uo,Phishing
http://amswz-71.click-here-for-money.biz/jp1205lg4gkchhr,Phishing
http://tuxncgduypgqidn-36.microsoft-support-center.net/nb988gtyy3da50vtkl0,Phishing
http://mdqwkurh-65.lottery-winner-confirmation.com/wnugb9t9ob832a4a9,Phishing
http://baxepcoowudsmc-75.credit-card-verify.net/9qmynfmbw2rbe5,Phishing
http://ctpfh-85.fastmoneyonline.biz/3wacaj902to3f40qg8zj,Phishing
http://lguyvhaexbko-60.get-rich-quick.biz/hsfo61woe2cdcd6lkldusan7tdfu,Phishing
http://fabnngpsfuvcs-26.security-check-verification.co/r7szrrrvjux5ae5v9653ws75ti38,Phishing
http://pskdktjxkvp-50.login-secure-verification.com/ockcjeckfdpj51bzli7e6l9i5k,Phishing
http://xgenlcaasqlthu-78.click-here-for-money.biz/qrhwfj5f4jdka3u1cg33cu,Phishing
http://jbslanibvh-83.free-gift-now.xyz/e0ge09r2z39rpj,Phishing
http://ryoofsd-58.get-rich-quick.biz/8udrghi7luylefm9wasg5kxz,Phishing
http://hufemtjntbgndpk-98.credit-card-verify.net/8zg2mbnwj4ybz,Phishing
http://vbnzhnsrxd-88.urgent-security-notice.net/cgr2kla6ro9s34e97f530y07b9fxth,Phishing
http://nxxgvwipry-96.banking-update-info.com/md26xb9sfn66dgko7mp7o2xx,Phishing
http://ezihsbmrjsqqztp-18.urgent-security-notice.net/h36ljvnv7krfjiez0ix0,Phishing
http://zpmmch-61.apple-id-verification-alert.com/7n16ru2rjhk9ulbgcg4ynd89jsm8t,Phishing
http://wnfqup-49.login-secure-verification.com/ozd4mivyeaeh50l1cax1g,Phishing
http://hcnubbpypghbp-22.bank-update-info.net/k57pgkxxrezy73zdej,Phishing
http://gynnoze-47.win-big-cash-now.com/0kegk9qnrz,Phishing
http://txedjlgjitnhoqm-15.win-big-cash-now.com/mj2gc3dfkz23ginlad6v3654bz8tq,Phishing
http://kjxpqmwwmjoy-98.microsoft-support-center.net/vyayvku3kytgfp4yug,Phishing
http://jcschphafd-80.reset-your-password-now.com/unl9t3zslu3vm8kbw,Phishing
http://ebtimzwyhwwz-40.login-secure-verification.com/1v34dhf0isit0zglw038x4lu,Phishing
http://hjivmlq-41.secure-login-paypal.com/9guggey6d6,Phishing
http://vhyzmwgo-82.unusual-activity-alert.co/vh5l3afaupbel,Phishing
http://rpzzfybzqjxr-40.claim-your-cash-today.biz/abhnyem4j0w9178bi2stdfmt3kdp5b,Phishing
http://rbgxfu-56.fastmoneyonline.biz/mz5fljnnzk1wzhry5liritwex,Phishing
http://yjosrjw-26.verify-account-security.co/rw5a3qqzvbsvyaj11idyp,Phishing
http://jrdkbbcoi-98.click-here-for-money.biz/0v0jxfumqjqp4g6lsvzvks,Phishing
http://ieceo-88.microsoft-support-center.net/2wjrrlx4bacp7h4uobzwk4575hp7hb,Phishing
http://ecajkjdai-67.urgent-security-notice.net/w3f9ukf7pln2150c4mz9m,Phishing
http://uyqjidlv-52.login-secure-verification.com/fs6423cgusy1,Phishing
http://yuayxib-45.instagram-account-security.com/eiovuizpmddn3eug9igubt6r,Phishing
http://buoqrlpszs-36.unusual-activity-alert.co/89k87o8hi51bl44ixj6z3t,Phishing
http://endnep-76.lottery-winner-confirmation.com/x0ehdhphwvpfpia,Phishing
http://djzxhzxr-64.lottery-winner-confirmation.com/v0pfn184dya52k13yk,Phishing
http://vfkksbasitumpmu-71.amazon-prize-winner.com/jt1a53vth3emlz2mxr,Phishing
http://lidzwbaybdvirpb-47.banking-update-info.com/mpgqbanzlj0o,Phishing
http://vclaewemkym-42.login-update-alerts.co/achyec2htqics7jun3rtutl63tisb,Phishing
http://hkdew-91.apple-id-verification-alert.com/eble70zegkewlzrkoqr,Phishing
http://ixibionrfcs-34.confirm-banking-details.com/fj5yc9zixi4mhqbgtjwokjiad,Phishing
http://jmumlwxabaxzjzt-19.lottery-winner-confirmation.com/zds4lnus06mclv3v8k3,Phishing
http://khrgvpeneu-34.banking-update-info.com/a26texiu8lg,Phishing
http://jtcjivucpshqsh-58.win-prize-today.net/epm48f0s1de13pou7qf9ttwr01awc,Phishing
http://sqmchsrqxpi-54.fastmoneyonline.biz/lgvlhyj1zeqi59pas29107,Phishing
http://cbapfb-84.claim-your-cash-today.biz/6ymby7q4pjzqrog7a,Phishing
http://qjxicrlko-65.lottery-winner-confirmation.com/6byldl3rna7hc,Phishing
http://tuqnpw-43.apple-id-verification-alert.com/sw9iqgfctu3az0m7ujxbf1dc3pa,Phishing
http://dbrawupneu-30.secure-login-paypal.com/ni4jl9gte5rschj9jm0nj,Phishing
http://uwtuniqbzt-60.free-gift-now.xyz/8ub6nj3vch,Phishing
http://rzfdobtlsbml-99.urgent-security-notice.net/ebgcgp7ns7p4a7,Phishing
http://hcnyngcshzgpdk-27.facebook-security-alert.com/j4kbx0fb2ox0b,Phishing
http://hzlphiware-44.reset-your-password-now.com/5qovk1pumhe5k88y4gkot5b,Phishing
http://gbghruavvj-71.instagram-account-security.com/hop1a0q5kuenu4r4whqivfp,Phishing
http://uzrtcqhdecbzz-92.claim-your-reward-now.net/etjoiztzof4v5ux4rvvyu,Phishing
http://rbvfuyp-50.security-check-verification.co/kj5nue8o6paju4rnqyliyeyj5dyp6b,Phishing
http://qlkepuvlaaq-55.email-verification-security.com/3iqdk7qsn9f5ewmi0w1uiotf6s7zo,Phishing
http://zjiqhiedy-64.reset-your-password-now.com/0pokfhmobavciedqx7ecly63zs,Phishing
http://tkoasmmby-35.amazon-prize-winner.com/q6okthn0d32kzyff87htg09cqc,Phishing
http://gcieidp-77.confirm-banking-details.com/o883z6o43jjofw2bdyqogrifqit,Phishing
http://qzomvorirbx-85.email-verification-security.com/ejd7t4s8hrqg,Phishing
http://nomnehn-70.fastmoneyonline.biz/lp20ttna5sqq1n22nibswk6kdskol,Phishing
http://dyxrkyjrm-69.fastmoneyonline.biz/th0k9b3u5llgan,Phishing
http://mrgiegmyqfuch-28.login-update-alerts.co/112zt5hxvwedy75d8jm3cwtf73pw,Phishing
http://ogwbqzf-41.lottery-winner-confirmation.com/65utqbnx1km9dbeoaw3ar6pur,Phishing
http://nvuhht-41.urgent-security-notice.net/x3iztycyrbuxk3w,Phishing
http://xlopso-97.paypal-security-alert.com/x3p5ievnizjlw4la9l,Phishing
http://ezeyjeagjchsrk-73.confirm-banking-details.com/vcx3swalcq1a54g,Phishing
http://taledlijuv-39.banking-update-info.com/rkj99flgwjlad50mo,Phishing
http://enpoxotj-29.urgent-security-notice.net/9amrpwcbnm8n,Phishing
http://kbzlgskpw-23.click-here-for-money.biz/v44llqzs13i3nehf6h6t,Phishing
http://nfuihb-60.facebook-security-alert.com/tm3ajumh2tm3lvnybk2f2xc,Phishing
http://bffwfz-90.paypal-security-alert.com/95l46dn1w7u3m,Phishing
http://hqrjpc-29.exclusive-deal-today.net/dd0nhkdgjof,Phishing
http://qwkzqtvec-18.exclusive-deal-today.net/xnpjyb9m6u24gk7idcswj4,Phishing
http://toqbkew-48.paypal-security-alert.com/lckqavcmve9c,Phishing
http://ymwma-48.confirm-banking-details.com/6fu6y1dstrji0lsze5b0jtbn,Phishing
http://fmqoglelqxgsda-98.login-secure-verification.com/q8xu1bo6p2,Phishing
http://bmwomvicwqsvv-43.facebook-security-alert.com/onpx3bs7fnyeb20,Phishing
http://xousb-19.login-update-alerts.co/byrvx8qed1ufz2or42mc4u,Phishing
http://gmuydfuyrjmdimm-84.amazon-prize-winner.com/ll64nn11vyhlsc9fb1bizbbjnxhf,Phishing
http://libiwrwdeiqja-50.bank-update-info.net/z21fn506yj8ptsrhax556wkc8,Phishing
http://odpgfdl-94.fastmoneyonline.biz/3g0q9ifzgod64lw32249f9rtui,Phishing
http://ocdew-93.secure-login-paypal.com/v33aoo4irymgd,Phishing
http://puivmlkeaspw-62.win-prize-today.net/1pb5ggavur46dwpa1ravfw,Phishing
http://bomdydaopm-54.click-here-for-money.biz/5rpyh35axq50wh35u,Phishing
http://wdzeslvhxy-69.amazon-prize-winner.com/cnr5jnmu0i7abbnhb3a73mn,Phishing
http://elwzwltssf-23.claim-your-cash-today.biz/7oaeaplqf4svxd5fxl,Phishing
http://gmgbsjgiag-71.bank-update-info.net/fsb3wfp3llvs2j13h96sn6pzq1e42,Phishing
http://bcmwvsmuc-44.email-verification-security.com/m0hxthvyedvso,Phishing
http://ovthobhnhcylmib-59.amazon-prize-winner.com/mmn211qt652w4p,Phishing
http://cvpvff-82.amazon-prize-winner.com/zuyv68vrvy,Phishing
http://cmmfheojgvotty-98.claim-your-cash-today.biz/lnumruitgpv6gdy7jwdluyq,Phishing
http://kaiitntqbbbnih-87.free-gift-now.xyz/g629hmtmgt,Phishing
http://mkpddzwc-41.amazon-prize-winner.com/or9ppc05lkwffghw3,Phishing
http://tbbttspprchwd-78.free-gift-now.xyz/nc9fa25v1n,Phishing
http://hhqpu-40.lottery-winner-confirmation.com/7mv7pagpoc9isx5tlbvd1yh,Phishing
http://vfutfdgljcghgm-65.bank-update-info.net/boftabcccx0xzzofhnf,Phishing
http://zzqtfdfwqi-58.reset-your-password-now.com/pdxma9yfbrxuqes58zpiq,Phishing
http://sinlva-87.urgent-security-notice.net/u2839azhuurlwv30vs86wu,Phishing
http://zetxwo-73.microsoft-support-center.net/s9ujm4o9x8pj3,Phishing
http://jrgrbqaelpwuan-54.credit-card-verify.net/38ualkpirj4kjkmuracn9l86,Phishing
http://cnsnu-82.login-update-alerts.co/uwz41go2xztrf3qdzevc3mciz6u,Phishing
http://yfpdbzp-91.login-update-alerts.co/5sxtz3s67ash073zf,Phishing
http://ybvtpqfjvadtwsu-36.get-rich-quick.biz/rdjyc7s9zhfw,Phishing
http://rdmhn-34.email-verification-security.com/qe4ie4y8udhbfj2t,Phishing
http://jiwbp-77.banking-update-info.com/tfs5hwwr1yr56hoskcfb8d51e,Phishing
http://swdtdmqbqsgpas-55.verify-account-security.co/86iz9kiuvz367,Phishing
http://awohq-82.win-prize-today.net/h5r3azudej09xgwn,Phishing
http://bwcpgfukfr-17.apple-id-verification-alert.com/zuctc7lw4r5c4rhl,Phishing
http://wajfaeu-51.credit-card-verify.net/i54opv1kv1vc0tgil1t4d98m1a,Phishing
http://dcjipxaroyyclqa-90.amazon-prize-winner.com/uzpb7a13s41fnr0xr86w81aemicq7v,Phishing
http://rotjasyiqgcgus-84.fastmoneyonline.biz/slq7jow0mjjhwg51zckt,Phishing
http://mvlyl-26.free-gift-now.xyz/x8dgacsu24aysyt7zblcbas3dht,Phishing
http://ctyrlalxeq-85.verify-account-security.co/f23zomomi8grkh3j8qck2wo,Phishing
http://yflteyvyfkcdefe-70.confirm-banking-details.com/uucuwbflud62nsilkqkkxd,Phishing
http://bsirwnra-88.claim-your-reward-now.net/0gowdyk80zcf4l4fhb6m6td,Phishing
http://dywwztxereugu-71.secure-login-paypal.com/gq6lkz1r2jo5o4u2,Phishing
http://ehjzavalkih-98.instagram-account-security.com/7sa7k36fw16jubdc7frm17o,Phishing
http://xoxapl-20.apple-id-verification-alert.com/mb8h1mc63ruakm8loawgn,Phishing
http://oqotv-33.banking-update-info.com/g1drn66fggrkt,Phishing
http://aqyirolavatz-13.claim-your-reward-now.net/m11e3onbas,Phishing
http://fwsscjwlcny-23.confirm-banking-details.com/axqqcgb4kkjy6nnng,Phishing
http://duucmkoahipkfmi-62.reset-your-password-now.com/6am7qdjutynqv0pmbypwqbnsesc,Phishing
http://jmlqzcj-66.claim-your-reward-now.net/8s1l0jsq8i83r9ic7nqaj6fjod,Phishing
http://qjnnic-73.secure-login-paypal.com/pi5d3m3vvezex82n082bnuy0v4hv1,Phishing
http://dcfwuskzir-29.paypal-security-alert.com/8vuvlc6glxbqyfq,Phishing
http://zqyknomhyfrssxo-53.confirm-banking-details.com/uuoy7vin84gweuq515fkkl6oxjef,Phishing
http://iigpvponinr-26.facebook-security-alert.com/d3beu6qyowsc,Phishing
http://jkmbbs-35.security-check-verification.co/ulcxoj8d0wwa1fvm3jpb,Phishing
http://guoeukmkbwdz-12.youraccount-verification.co/b5y1f32hao87ng9h332cgu2djzff1,Phishing
http://zaqrqjfwrr-61.microsoft-support-center.net/6aog0o601psgxi9p4o0jkxtd,Phishing
http://prdlhjbvdirzlxc-95.microsoft-support-center.net/ye093an7b5t,Phishing
http://nhjfqz-74.instagram-account-security.com/gecczbtoir4dkhs7df,Phishing
http://ruhnqtocnqj-50.get-rich-quick.biz/ii05ekikf7dotxoa78yf2dn,Phishing
http://dtixnjkpe-15.fastmoneyonline.biz/hh2b8xwzw2o6q9e79t1ya4zhuz19,Phishing
http://dxlip-12.microsoft-support-center.net/mm474lwp9p74aas84w,Phishing
http://eqrijew-70.bank-update-info.net/aqufu46clgjs148l3gdy7owebxf9,Phishing
http://exjaclie-81.credit-card-verify.net/ktv3fpifl00l8vc2m8refu19sl,Phishing
http://smohdtzlov-43.bank-update-info.net/ns10g37yr7,Phishing
http://naktb-91.claim-your-cash-today.biz/s9hk6oqfgwlc,Phishing
http://hastknrmlln-94.credit-card-verify.net/hbeobx5mh58ednn335e,Phishing
http://poeqkk-79.urgent-security-notice.net/wvntlj10lfuno3yhw,Phishing
http://wkwbetihjkg-82.bank-update-info.net/txry3v510soacebke6loz,Phishing
http://pfiydhv-78.login-update-alerts.co/iazoviqcs0i,Phishing
http://znutzmb-62.claim-your-cash-today.biz/xdm4tlg0qe2eff4lfw7,Phishing
http://ilkoadoyqefdrfi-54.win-prize-today.net/07j5e9eke3piihx9zrxi1ghgmt,Phishing
http://vsimxxxfapancqc-53.login-secure-verification.com/343pzpdjyvjkezpr6zd,Phishing
http://djzqb-96.banking-update-info.com/ivf3ce9f6n0g1sy5jdcp0toyzig5,Phishing
http://mjrtpduup-86.verify-account-security.co/imamn0z93nxwomgjz7of21n4ixx7,Phishing
http://itrduchtlj-54.unusual-activity-alert.co/eapv7w3fou594czvgoh6c46sy6roj,Phishing
http://qblutjzyvvjzdwa-50.banking-update-info.com/pe3algg97zau374vm121g0h,Phishing
http://jxrhtam-48.fastmoneyonline.biz/6trdp1tqcgv8u,Phishing
http://pqrnjjubh-62.free-gift-now.xyz/p4gmus0qfhq96pk1s4atxn58swix1,Phishing
http://afuqsev-42.verify-account-security.co/oacjpzxm543y82066wq5fyhkf0r09m,Phishing
http://goocewzmbjkgcrc-49.bank-update-info.net/p9b01k2rt5lfsunhz,Phishing
http://gbgwa-12.click-here-for-money.biz/ww7k86v32nh,Phishing
http://ufocqwpcsfrigri-39.urgent-security-notice.net/ohykarrfoo7rlfmkhq27xz2xgrqxo,Phishing
http://eejvirrly-27.facebook-security-alert.com/f9ll0itpwcoy14afh,Phishing
http://nyifqce-73.win-big-cash-now.com/l130ra3uc5ypcq8fjpv3t,Phishing
http://kzpdtmivezynp-54.claim-your-cash-today.biz/jqgl0n7v1sap9w0y,Phishing
http://fohak-84.facebook-security-alert.com/9wdgjyrqtruskwt0,Phishing
http://gjpmx-38.instagram-account-security.com/klick4boo6nmoxx886mgy,Phishing
http://fqoeqmszbv-42.win-prize-today.net/dqis3wslxwqfzmqdq1,Phishing
http://hyssvrzzoxe-21.secure-login-paypal.com/mlyfbql59w7io10w5hl2pz,Phishing
http://ispcrdfmqen-22.youraccount-verification.co/fhy7bfq5fjp643i7a521,Phishing
http://eauxtpqit-94.click-here-for-money.biz/4j77l6pjf7zm5l8u,Phishing
http://xtpppjhw-49.instagram-account-security.com/g7gts5s3imzu9h3ta,Phishing
http://tjhjzrgwaicq-77.confirm-banking-details.com/9cr9cm0scd63onc58g1,Phishing
http://ypppfwk-18.microsoft-support-center.net/zcsdo8sglzz19w0vbgjkp93xg9fz3k,Phishing
http://tsxvezes-28.get-rich-quick.biz/fnfam8vinp3vx74bg8n,Phishing
http://duqmyxs-96.banking-update-info.com/xdcpl9k8t0xzmr2zg,Phishing
http://kfjmrr-81.verify-account-security.co/112el4n1cp8sc4ldwv19tjj,Phishing
http://cwylifsxba-23.microsoft-support-center.net/9291ow99qzl7r1r43770i9a0,Phishing
http://elfndabol-10.lottery-winner-confirmation.com/3vkpavf63xlftk,Phishing
http://qodjabrr-22.urgent-security-notice.net/l2euj4ihax2gar9axsca,Phishing
http://ywxxwehpfhcqbtz-71.urgent-security-notice.net/5rrf0sexh9zkauzbw9xusczjh0y5uz,Phishing
http://uywospdf-33.facebook-security-alert.com/3h2f59uqhn,Phishing
http://sjonvzsm-45.exclusive-deal-today.net/ukhuhx22rvzw,Phishing
http://wkthtseyo-91.amazon-prize-winner.com/lndu0uzr60qkbrtaa,Phishing
http://akgqofclc-82.email-verification-security.com/h5q8jf8vhw2ez37l2z2,Phishing
http://raeudr-31.banking-update-info.com/f71qj98lgxpkm,Phishing
http://arapf-38.login-update-alerts.co/itjsaxbz25oe2jo,Phishing
http://zxqluh-64.paypal-security-alert.com/w1yo7hw40pyskv0joh0q1,Phishing
http://xihejcp-83.youraccount-verification.co/db8zb3y02gadw7lkv,Phishing
http://hsipcuf-14.secure-login-paypal.com/5g0p702a82eaijivqprlw97u,Phishing
http://uawsmgomwhkixil-86.credit-card-verify.net/y8gfgw6yquurqb3ndhachhd5fnrzhh,Phishing
http://iykqjeiakcn-78.claim-your-reward-now.net/63i7s8cjz8akt1umkjedqum6,Phishing
http://oudjefesdakb-88.banking-update-info.com/0s5iddiynrjzkdsi,Phishing
http://ztriqmhqidrix-38.fastmoneyonline.biz/pw96d0bdzp0n3xipjqra,Phishing
http://lalke-44.free-gift-now.xyz/8zd07avolljo2,Phishing
http://xrrgbrdzxzyjj-27.facebook-security-alert.com/e1fy71jo8so92f,Phishing
http://urqygvjfbyyftqe-17.facebook-security-alert.com/xu46k1lnb1axviish1znv5bc5r7,Phishing
http://vlbgjjbijaabh-20.amazon-prize-winner.com/w4j6plx56nfq5nzpwrbv3,Phishing
http://uyettbstgfayv-55.urgent-security-notice.net/fl55vhx1qh9ylcfpvwmwb,Phishing
http://xgdkwcjbbfyy-12.reset-your-password-now.com/o98g2g12wqv375fwwjxb,Phishing
http://ysjyjggimiweawo-93.login-update-alerts.co/gxjz6g0w3ei5cznexyahsdrju,Phishing
http://uzxisdlvatk-77.banking-update-info.com/c4zgg93ac9ukal0qx5gvel7bjkto4,Phishing
http://affyzyzmhlla-92.facebook-security-alert.com/mq37grr9fdu353kcnfyht63g12reji,Phishing
http://ukdtbjm-27.claim-your-reward-now.net/qfaktt2dtp2038uz3o665,Phishing
http://lctejnkfoewnqq-96.win-big-cash-now.com/q9e3heppfl74qoeshiegyv4umkfw6f,Phishing
http://qvticaw-75.confirm-banking-details.com/snih2f1pyp75ekv7xsqfy5,Phishing
http://zywwnfeywi-46.instagram-account-security.com/s2gre6j0et3x4ym8xb0ymegv1,Phishing
http://odbzhknwov-38.reset-your-password-now.com/kyib32n5rl1cbsd,Phishing
http://ltbws-80.secure-login-paypal.com/j2ht5kegvsv3ch0ym0wfcw1gg564vo,Phishing
http://gzsqt-72.security-check-verification.co/d9srgmq5h4xoorz4q9dloiqxypng,Phishing
http://qpyefyhbzyek-79.microsoft-support-center.net/v6xtrdz6yac5dj22yteal3vob4mhy,Phishing
http://xvnvcgu-41.claim-your-reward-now.net/r2prt2gfce9b,Phishing
http://zfxfanlntbmpy-27.fastmoneyonline.biz/boo49bf9kjzngteq77o25uj5n8kxkb,Phishing
http://mepmfc-51.verify-account-security.co/nok733adivxhl,Phishing
http://nudalb-92.lottery-winner-confirmation.com/l741sitkdzp7cokm0hak5gxwe,Phishing
http://dkyusijroralcm-21.microsoft-support-center.net/wm21iz6iiv9vnq59odhq0vmarhmir,Phishing
http://mzdzo-42.get-rich-quick.biz/cedvudda4a84,Phishing
http://jqqbmh-73.exclusive-deal-today.net/bp3y3h2riaskxm,Phishing
http://aufrqinbazzwnz-46.login-secure-verification.com/a0p30meaqxfxiqsrfh,Phishing
http://xizfqeohyzzz-29.instagram-account-security.com/8xppxpd9aqa83yyk357zgiwwm7h0x,Phishing
http://ynghi-19.microsoft-support-center.net/569ams04hcuold3s0lyo2,Phishing
http://txecxkfnnm-15.unusual-activity-alert.co/svz296e0klodlo2vamx7eblvu444t,Phishing
http://ovenrzdv-30.secure-login-paypal.com/4cu1o9kjojrrf9pvukc9398nos,Phishing
http://zdjfezobxlue-51.lottery-winner-confirmation.com/ardhvusoe7kqchaz,Phishing
http://twylbylrqovpkaj-16.credit-card-verify.net/xyasdolxc396b6mg4hdm,Phishing
http://kjcacsyobiwam-15.win-prize-today.net/pmzafltal4822hne,Phishing
hxxp://example.com?redirect=hxxp://example.org,Phishing
hxxps://example.com,Phishing
hxxp://paypal.com.verify.id=123,Phishing
hxxp://example.com?utm_source=google,Phishing
hxxp://example.com?login=true,Phishing
https://www.udemy.com/join/passwordless-auth/?next=%2Fcourse%2Fthe-complete-web-development-bootcamp%2Flearn%2Flecture%2F37368166%3Fstart%3D504&action=login&mode#overview,legitimate
